title,channel,views,likes,comments
"Beneath these ruins ,our dreams & memories are buried ğŸ¥€#gaza #war #home #shorts #explore",Sama Tube,60070480,1544307,30265
This miracle baby was pulled from a bombed house in #Gaza,AJ+,24187924,1370793,26157
Israeli - Hamas War Animated Map 2023,AlternativeGeopoliticsMapped,24057543,417305,23482
"\"ğŸ‰ WAR IS OVER: Gaza & Palestine Rejoice! Unbelievable Moment of Hope! ğŸŒâœ¨\" #shorts #happy #gaza",islam,39917013,567307,19911
How Hamas fighters broke into a kibbutz (Oct 7 2023),Sky News,18766176,241473,23232
Israel Palestine War | What is Happening? |  Explained by Dhruv Rathee,Dhruv Rathee,16164616,579186,70641
Israel bombs Al Farouq Mosque in Gaza's Nuseirat,TRT World,24399471,304030,3404
Watch: High-Rise Building in Gaza Crumbles After Israeli Airstrike | WSJ News,WSJ News,11505893,52940,6937
"Gaza before 7th Oct,, now only the quiet of the rubble persistsğŸ’”#gaza #after #war #north_gaza #",Sama Tube,19093739,294429,17807
"This kid in #Gaza was looking for food, then this happened...",AJ+,8843377,478024,17096
British journalist corrects framing of Israeli war at Columbia University,Middle East Eye,9183100,297791,11867
Israel Special Forces: the Elite Army Unit (Golani Brigade),Best Documentary,7355058,70945,9236
Gaza girl cries seeing journalist who resembles her father | AJ #shorts,Al Jazeera English,7795542,394637,15948
Israel Just Ordered 1.1 Million People in Gaza to Leave Their Homes in 24 Hours #news #palestine,VICE News,6934193,145156,11033
The moment Israel hit a residential building in Gaza as Palestinians were fleeing,TRT World,9275936,174886,5428
WATCH: Hamas Chief Yahya Sinwar in Gaza Tunnel Hours Before Oct 7 Attack | Subscribe to Firstpost,Firstpost,5388975,130520,12957
Israel-Hamas war animated map,War map animation,5323694,51090,1402
Al Jazeeraâ€™s I-Unit identified Israeli soldiers who posted possible war crimes on social media,AJ+,5973181,348801,23519
'Our Genocide': How do Israelis feel about the war in Gaza? | On the Ground,The Guardian,4703628,137301,10899
'I want to die' - a Palestinian child in Gaza says due to war,TRT World,5063989,212369,16255
"â€˜God gave us Israel, all of itâ€™ | Along the Green Line: episode 1",The Guardian,4149602,89224,16300
Palestinian girl cries in pain after being displaced in north Gaza | AJ #shorts,Al Jazeera English,6006172,254985,14545
"Gaza, explained",Vox,3719401,103912,13186
Israeli officers humiliate Palestinians in Megiddo prison | AJ #shorts,Al Jazeera English,4392745,58074,11558
Palantir CEO Alex Karp on Gaza war Hamas,Amit Sengupta,5700888,53166,2875
A Palestinian child in Gaza screams â€˜feel our painâ€™ after being targeted by an Israeli strike,Middle East Eye,5376890,192668,11940
"Israel-Gaza: 400,000 residents ordered to leave Khan Younis",Channel 4 News,2698934,21438,9880
The REAL truth about the Israel Gaza War. #israel,Living Lchaim,2418608,145590,672
Israeli soldiers are looting in Gaza and that's a war crime,AJ+,2284066,74687,6705
Former President #BillClinton asks for peace amidst the escalating conflict between Israel and Iran,The Daily Show,3190841,101808,7085
"Peter Beinart - \"Being Jewish After the Destruction of Gaza: A Reckoning\" | The Daily Show",The Daily Show,2081282,65733,10183
Israeli opposition MP forcefully removed from podium after blasting Gaza war,Guardian News,2039626,49694,5700
Armed settlers and segregation: Inside the West Bank,Sky News,1912752,30969,8207
CNN slams Barack Obama for refusing to acknowledge Trump in Gaza peace deal,Sky News Australia,1761624,28547,12095
BREAKING: Hamas issues urgent plea in personal letter to Trump,Fox News,1744057,20356,9165
"Israel, Palestine and Hamas explained in two minutes",Channel 4 News,1737780,16592,6135
"BREAKING: Hamas attacks Israeli forces, IDF strikes back in Gaza",Fox News,1669035,27173,15020
US Green Beret Veteran Tony Aguilar Details the Shocking War Crimes Heâ€™s Witnessing in Gaza,Tucker Carlson,1555476,94326,28338
My life before ğŸ’” #gaza #palestine,ANAS SHAM - Ø£Ù†Ø³ Ø´Ù…Ù„Ø®,2390392,136728,3661
Hamas reportedly holding public executions in Gaza: 'SETTLING SCORES',Fox News,1316129,14594,3951
Little girl moved after seeing memorial for Gazaâ€™s children in Germany,Roya News English,2466650,49599,1751
Israel Attack On Gaza War Update: 150 à¤²à¤¡à¤¼à¤¾à¤•à¥‹à¤‚ à¤¸à¥‡ à¤­à¤°à¥€ Hamas à¤Ÿà¤¨à¤² à¤®à¥‡à¤‚ à¤­à¤°à¤¾ à¤¸à¥€à¤®à¥‡à¤‚à¤Ÿ  #latestshorts #shorts,TV9 Bharatvarsh,2388560,14491,194
BREAKING: 200+ TRAPPED Hamas Terrorists PLEAD For Rescue; Iran Arms Iraqi Militias | TBN Israel,TBN Israel,1194680,47434,7878
Little Palestinian child sings in excitement as she receives a pot of pasta,TRT World,2781946,161260,5068
Israel â€˜must win every warâ€™ | Along the Green Line: episode 2,The Guardian,1162419,26734,3547
Life in the Gaza Strip #viralvideo #trending #fyp #tiktok #gaza #palestine #islam #sad #muslim  ğŸ‰ğŸ‰,Prophet Lovers,2610489,36897,561
How much of Gaza has Israel destroyed?,The Economist,1538841,67729,14025
â€œUnbelievably EVIL!â€ Israel Unleashes â€˜Barbarityâ€™ In Gaza + Dave Smith On Druze In Syria,Piers Morgan Uncensored,1082153,23142,11561
Gaza City before and after: footage shows destruction wreaked by war,Guardian News,1067284,6453,2594
Former U.S. Special Ops: What I Saw in Gaza | Sen. Bernie Sanders,Senator Bernie Sanders,1042569,76173,10617
countries support palestine or israel  #historyballs #countryballs,HistoryBalls,32874593,714053,22124
Palestine or Israel?! Free Palestine! Korean Muslim,Hassyl Joon,30367466,537668,9547
The day Palestine destroyed Israel | Palestine vs Israel |,UNREAL0.5,30158441,1102932,31704
ÙÙ„Ø³Ø·ÙŠÙ† .. Ø­ÙƒØ§ÙŠØ© Ø§Ù„Ø£Ø±Ø¶ | Ø§Ù„Ø¯Ø­ÙŠØ­ | Palestine .. a Tale of Land,New Media Academy Life,27359893,1227028,57400
Israeli - Hamas War Animated Map 2023,AlternativeGeopoliticsMapped,24057543,417305,23482
Watch: Israeli Forces Stop Some Palestinians From Entering Al-Aqsa Compound | Subscribe to Firstpost,Firstpost,23008885,891127,26600
Palestinians in Gaza Hold Funeral for Hamas Political Official | VOA News,Voice of America,19329381,1018247,23288
"\"ğŸ‰ WAR IS OVER: Gaza & Palestine Rejoice! Unbelievable Moment of Hope! ğŸŒâœ¨\" #shorts #happy #gaza",islam,39917013,567307,19911
How Hamas fighters broke into a kibbutz (Oct 7 2023),Sky News,18766176,241473,23232
ğŸ‡µğŸ‡¸Palestine vs IsraelğŸ‡®ğŸ‡± ( No war )ğŸ˜“#palestine #israel #war #animation,MahdiArdi,17393555,571126,37375
Israel Palestine War | What is Happening? |  Explained by Dhruv Rathee,Dhruv Rathee,16164616,579186,70641
INDIA will support ISRAEL for.â€¦ğŸ‡®ğŸ‡³ğŸ¤ğŸ‡®ğŸ‡±,Priya Jain,15536001,686501,119911
Israel bombs Al Farouq Mosque in Gaza's Nuseirat,TRT World,24399471,304030,3404
Ø±Ø¨ÙŠ ÙŠÙ†ØµØ± Ø§Ø®ÙˆØ§Ù†Ø§ ÙÙŠ ÙÙ„Ø³Ø·ÙŠÙ† #drawing #draw #makeuptutorial #palestine #israel,Arob Easy Drawing,13374156,223447,2480
Tears and terror as Hamas rockets hit Israeli town of Ashkelon,NBC News,13086526,61864,31021
Ben Shapiro EMBARESSES pro-Palestinian Oxford student #israel #gaza,Meaningful People,12740595,425859,51291
â€œWho Was There: Palestine and Israel?â€ #SOC119 #Palestine #Israel #Land #LandOwnership #WhosRight,SOC 119,12792529,307651,18260
How has Hamas attacked Israel #palestine #news #upsc,StudyIQ IAS,11615330,411886,1911
Watch: High-Rise Building in Gaza Crumbles After Israeli Airstrike | WSJ News,WSJ News,11505893,52940,6937
ISRAEL AND PALESTINE HOLD THEIR BREATH ğŸ‡®ğŸ‡± ğŸ‡®ğŸ‡· #countryhumans,StateHuman,11887746,334782,4786
Gaza is in Absolute Crisis! | Israel Palestine War | Dhruv Rathee,Dhruv Rathee,10899914,439760,37632
Hamas rocket falls near Ashkelon in Israel,The Telegraph,10734132,119490,4528
Palestine Allies ğŸ•Šï¸ #shorts #youtubeshorts #countryballs #edit #freepalestine #palestine,Zero knowledge 50,19929209,616756,53210
PART 2: Andrew Tate Talks Palestine and Israel With Piers Morgan | Latest Interview,Piers Morgan Uncensored,10016481,231466,91992
Palestine VS IsraelğŸ”¥ Imajinary Match #shorts#palestine#israel,Sport73,9931977,404929,25030
"IsraÃ«l - Palestine, 60 ans de violence",Investigation,9303184,71264,11596
The day Palestine broke the Israel recordğŸ˜±ğŸ¤¯Palestine vsI srael 4-0 imaginary penalty shootout,GOAD CR7,16283666,0,4129
Palestine Vs Israel World cup final penalty shootout ğŸ‡µğŸ‡¸ğŸ‡®ğŸ‡± #messi #youtube #shorts #football,CRPRO7,9452085,348898,7574
"Life of Palestinian children, 1917 onwards",TRT World,9160931,386557,16101
Countries treat the heart of palestine in 2025 #historyballs #countryballs,HistoryBalls,19802035,138725,3544
"This kid in #Gaza was looking for food, then this happened...",AJ+,8843377,478024,17096
Israel-Hamas Latest: Aftermath of Israeli Rocket Attacks in Gaza Strip,Bloomberg Television,8551676,19288,1884
Israel or Palestine?,Daniel Fernandes,8451884,480182,20693
"\"Palestines Family\" | Israel - Palestine | #countryballs edit",clooter,8486330,317171,13606
Pro-Israeli woman in London attacks people supporting Palestinians,TRT World,7811702,223457,18846
The Day Palestine Slaughtered Israel | Palestine vs Israel Imaginary 2024 #football #shorts #ronaldo,FS25,7766207,395555,8755
Israel Special Forces: the Elite Army Unit (Golani Brigade),Best Documentary,7355058,70945,9236
Gaza girl cries seeing journalist who resembles her father | AJ #shorts,Al Jazeera English,7795542,394637,15948
The truth about Palestine and Israel!,Dulla Mulla,6812647,309821,12770
Israel Just Ordered 1.1 Million People in Gaza to Leave Their Homes in 24 Hours #news #palestine,VICE News,6934193,145156,11033
Brilliant Comeback! ğŸ¤£ğŸ¤£ #usa #israel #palestine #uk #europe #news #canada #politics #congress,Breezy Politics,11598189,381771,24842
Mohammed Hijab vs Rabbi Shmuley On Palestine and Israel | The Full Debate With Piers Morgan,Piers Morgan Uncensored,6506324,114325,87037
Iran strikes Israel,Dulla Mulla,6318813,380468,19035
Israel Palestine War : à¤²à¤‚à¤¬à¥‡ à¤¯à¥à¤¦à¥à¤§ à¤•à¥€ à¤¤à¥ˆà¤¯à¤¾à¤°à¥€ à¤•à¤° à¤°à¤¹à¤¾ à¤¹à¥ˆ à¤‡à¤œà¤°à¤¾à¤‡à¤² | Netanyahu | Iran | Biden | #tv9shorts,TV9 Bharatvarsh,6439479,100924,1194
Palestine & Israel Countryball Meme (REMAKE)ğŸ‡µğŸ‡¸ #history  #palestine #funny #shorts,Country Joy,11121266,455712,8164
Hamas Was Only 50 Meters Below Thousands of Palestinians,Israel Defense Forces,6236089,204450,18320
ÙÙ„Ø³Ø·ÙŠÙ† Ùˆ Ø§Ù•Ø³Ø±Ø§ÙŠÙ”ÙŠÙ„ | ÙƒÙŠÙ Ø¨Ø¯Ø£Øª Ø§Ù„Ù‚ØµØ©,MrSpherical Ø¨Ø§Ù„Ø¹Ø±Ø¨ÙŠ,5726009,45347,1279
The moment Israel hit a residential building in Gaza as Palestinians were fleeing,TRT World,9275936,174886,5428
Israel-Hamas war animated map,War map animation,5323694,51090,1402
Does Palestine Really Share a Border With Jordan? Hereâ€™s the Truth!,Geo Breakdown,9481038,98118,6649
Humood - Falasteen Biladi |  Ø­Ù…ÙˆØ¯ Ø§Ù„Ø®Ø¶Ø± - ÙÙ„Ø³Ø·ÙŠÙ† Ø¨Ù„Ø§Ø¯ÙŠ,Humood AlKhudher Ø­Ù…ÙˆØ¯ Ø§Ù„Ø®Ø¶Ø±,66116333,803782,46426
Ben Shapiro gets pro-Palestinian student to make SHOCKING confession #israel #gaza,Meaningful People,26851094,666696,53775
Indonesian pilot greets Palestinian passenger on plane,TRT World,25490671,1204737,22100
yah khoon mera jo tumne Kiya #allah #allahuakbar #palestine #gaza #please #viralvideo #trending,Islamic network,46370257,651621,15127
Palestinians in Gaza Hold Funeral for Hamas Political Official | VOA News,Voice of America,19329381,1018247,23288
"\"ğŸ‰ WAR IS OVER: Gaza & Palestine Rejoice! Unbelievable Moment of Hope! ğŸŒâœ¨\" #shorts #happy #gaza",islam,39917177,567307,19911
Gaza emergency worker breaks down in tears while cradling baby #shorts,CBS News,15871714,700429,20520
China help Gaza & Palestine ( China sends aid to Palestine ),Tip Top Fact,25234548,1006626,16635
Israel bombs Al Farouq Mosque in Gaza's Nuseirat,TRT World,24399471,304030,3404
Ø£ÙƒØ¨Ø± Ø³Ø¬Ù† Ø¨Ø§Ù„Ø¹Ø§Ù„Ù… - Ø§Ù„Ø·Ø±ÙŠÙ‚ Ø§Ù„Ù‰ ØºØ²Ø© ğŸ‡µğŸ‡¸ GAZA,Joe HaTTab,12711472,499405,34522
Ben Shapiro EMBARESSES pro-Palestinian Oxford student #israel #gaza,Meaningful People,12740595,425859,51291
Watch: High-Rise Building in Gaza Crumbles After Israeli Airstrike | WSJ News,WSJ News,11505893,52940,6937
Gaza is in Absolute Crisis! | Israel Palestine War | Dhruv Rathee,Dhruv Rathee,10899914,439760,37632
Thanks to China for helping Palestineâ¤ï¸ğŸ¥° #foryou #viralvideo #palestine #gaza,ITZ RAB EDIT,21788920,517339,13848
"Gaza before 7th Oct,, now only the quiet of the rubble persistsğŸ’”#gaza #after #war #north_gaza #",Sama Tube,19093739,294429,17807
Countries treat the heart of palestine in 2025 #historyballs #countryballs,HistoryBalls,19802035,138726,3544
"This kid in #Gaza was looking for food, then this happened...",AJ+,8843377,478024,17096
Gaza girl cries seeing journalist who resembles her father | AJ #shorts,Al Jazeera English,7795542,394637,15948
Two Sides Of Muslim Countries ğŸ˜¢ğŸ’” #muslim #gaza #palestine #freepalestine #savepalestine #fyp #shorts,HK.Writers.298,25516559,142889,1961
Israel Just Ordered 1.1 Million People in Gaza to Leave Their Homes in 24 Hours #news #palestine,VICE News,6934194,145156,11033
Humanitarian aid parachuted into Gaza,The Telegraph,6670046,138883,3862
Israel Palestine War : à¤²à¤‚à¤¬à¥‡ à¤¯à¥à¤¦à¥à¤§ à¤•à¥€ à¤¤à¥ˆà¤¯à¤¾à¤°à¥€ à¤•à¤° à¤°à¤¹à¤¾ à¤¹à¥ˆ à¤‡à¤œà¤°à¤¾à¤‡à¤² | Netanyahu | Iran | Biden | #tv9shorts,TV9 Bharatvarsh,6439508,100924,1194
Pejuang Jalur Gaza Palestina Asal Indonesia,Profilege Indonesia,6058397,227065,4572
The moment Israel hit a residential building in Gaza as Palestinians were fleeing,TRT World,9275936,174886,5428
Life in the Gaza Strip #viralvideo #trending #fyp #tiktok #gaza #palestine #islam #muslim #sad ğŸ‰ğŸ‰,Prophet Lovers,9385304,89270,1202
'Our Genocide': How do Israelis feel about the war in Gaza? | On the Ground,The Guardian,4703628,137301,10899
'I want to die' - a Palestinian child in Gaza says due to war,TRT World,5063989,212369,16255
"â€˜God gave us Israel, all of itâ€™ | Along the Green Line: episode 1",The Guardian,4149602,89224,16300
Palestinian girl cries in pain after being displaced in north Gaza | AJ #shorts,Al Jazeera English,6006176,254985,14545
"Gaza, explained",Vox,3719401,103912,13186
Thank you Indian people |  #palestine #viral #tiktok  #trending #gaza #help  #shorts #viralvideo,Free Palestine,9377428,192436,8653
Ø§Ù„Ø­Ø§Ø¬Ø© Ø£Ù… Ø§Ù„Ø§Ø®ØªØ±Ø§Ø¹ ØŒ Ù‡Ù†Ø§ ØºØ²Ø© #Ø§ÙƒØ³Ø¨Ù„ÙˆØ± #ØºØ²Ø© #gaza #Ù„Ø§ÙŠÙƒ #palestine #freepalestine #Ø§ÙƒØ³Ø¨Ù„ÙˆØ±_explore,ÙØ±Ø­ ÙƒÙ…Ø§Ù„ | farah kamal,6571797,186945,11954
"History, genocide and Israelâ€™s war on Gaza: Mehdi Hasan & Benny Morris | Head to Head",Al Jazeera English,3250840,54088,19287
Man tries to snatch Palestinian flag during protest | AJ #Shorts,Al Jazeera English,3305897,119627,7069
Ù†Ø§Ø¦Ø¨Ø© Ø¥Ø³Ø¨Ø§Ù†ÙŠØ© ØªÙˆØ§Ø¬Ù‡ Ø±Ø¦ÙŠØ³Ø© Ø§Ù„Ù…ÙÙˆØ¶ÙŠØ© Ø§Ù„Ø£ÙˆØ±ÙˆØ¨ÙŠØ© Ø¨Ø³Ø¨Ø¨ ØºØ²Ø© #gaza #eu #irenemontero #palestine,Ø¹Ø§Ù„Ù…ÙŠ Ø¨Ù„ØºØªÙŠ,5816756,168660,3579
MA KHUDA KO BTAUN GA | PALESTINE | GAZA | Heart Touching Performance,kehkashan grammar school,2936005,9660,0
A Palestinian child in Gaza screams â€˜feel our painâ€™ after being targeted by an Israeli strike,Middle East Eye,5376890,192668,11940
Life in the Gaza Strip #viralvideo #trending #fyp #tiktok #gaza #palestine #islam #muslim #sad ğŸ‰ğŸ‰,Prophet Lovers,6376034,106629,2792
"Israel-Gaza: 400,000 residents ordered to leave Khan Younis",Channel 4 News,2698934,21438,9880
ØªØ­ÙŠØ§ ÙÙ„Ø³Ø·ÙŠÙ†  #Ø§Ù†Ù‚Ø°Ùˆ_Ø­ÙŠ_Ø§Ù„Ø´ÙŠØ®_Ø¬Ø±Ø§Ø­ #ÙÙ„Ø³Ø·ÙŠÙ† #gaza #palestine #Ù…ØµØ± #egypt #ØºØ²Ø© #drawing #art,Art with love,2824728,53423,576
Palestinian children scramble to find scraps of food in Gaza,TRT World,2735311,212891,7713
ğŸ¥¹ğŸ¥¹ #food #palestine #gaza #hungry #savegaza #emotional #inspiration #lesson,Habeeba's Vlog,4318478,39855,153
Animated: Nowhere to run for Palestinians in Gaza,TRT World,2630948,36235,6725
Ù†Ø§Ø¦Ø¨Ø© Ù‡ÙˆÙ„Ù†Ø¯ÙŠØ© ØªØ±ØªØ¯ÙŠ Ù‚Ù…ÙŠØµ ÙÙ„Ø³Ø·ÙŠÙ† Ø¯Ø§Ø®Ù„ Ø§Ù„Ø¨Ø±Ù„Ù…Ø§Ù† Ø±ØºÙ… Ø§Ø¹ØªØ±Ø§Ø¶ Ø§Ù„Ø±Ø¦ÙŠØ³ #gaza #palestine #freepalestine,Ø¹Ø§Ù„Ù…ÙŠ Ø¨Ù„ØºØªÙŠ,4689772,91513,1219
Â«Â Israel ğŸ‡®ğŸ‡± ne peut pas perdre une guerreÂ Â» #israel #gaza #palestine,Alohanews,2348441,53491,3848
ØºØ²Ø© Gaza PalestineğŸ‡µğŸ‡¸âœŒï¸ Ø¨Ø­Ø¨ÙƒÙ…  ğŸ«¶â™¥ï¸ğŸ‡µğŸ‡¸ÙŠÙ„Ø§ Ù†Ø´ÙˆÙ Ø§ÙƒØ«Ø± Ø¯ÙˆÙ„Ø© Ø¨ØªØ¯Ø¹Ù…Ù†ÙŠ ğŸ‡µğŸ‡¸âœŒï¸ğŸ¥€,Lulu Gaza Ù„ÙˆÙ„Ùˆ ØºØ²Ø©,7843126,112752,3824
Israel Palestine War:à¤ˆà¤°à¤¾à¤¨ à¤®à¥‡à¤‚ à¤µà¤¿à¤§à¥à¤µà¤‚à¤¸à¤• à¤—à¥‹à¤²à¥€à¤¬à¤¾à¤°à¥€  | Netanyahu | Iran |Biden | #tv9shorts,TV9 Bharatvarsh,2832881,37105,498
ğŸ¥¹Palestine ğŸ˜¢ğŸ‡µğŸ‡¸ | Gaza ğŸ‡µğŸ‡¸ #palestine #gaza #shortvideo #viralvideo #islamicstatus #sad #shorts,Bd Lofi,4827674,0,2510
Protesters in Seoul throw shoes at Israel's prime minister Netanyahu #gaza #palestine #shorts,Wear The Peace,3588393,127861,4449
à¤«à¤¿à¤²à¤¿à¤¸à¥à¤¤à¥€à¤¨ ğŸ‡µğŸ‡¸ à¤—à¥à¤®à¥à¤¬à¤¦ à¤¸à¤–à¤°à¤¾  #gaza #palestine #ilovemuhammadï·º,Irshad Khan 399M,3769317,145559,459
Israeli Police release video showing gunfire between Israeli Border Police and Hamas,WFAA,32840819,497400,14124
See Israel's Iron Dome defense system in action in Ashkelon where NBC News' Richard Engel reports.,NBC News,27192672,798808,26008
Israeli - Hamas War Animated Map 2023,AlternativeGeopoliticsMapped,24057543,417305,23482
How Hamas fighters broke into a kibbutz (Oct 7 2023),Sky News,18766176,241473,23232
Son of Hamas Leader Says Palestinians and Hamas are One and the Same,Living Lchaim,15072670,571801,31477
Hamas-Israel Conflict Explained,Nitish Rajput,11054224,244336,16947
Hamas HATES this video. Israeli IDF soldiers giving water to Gaza citizens #israel,Living Lchaim,12041415,444398,1689
Hamas rocket falls near Ashkelon in Israel,The Telegraph,10734132,119490,4528
Joven graba paso a paso el terror que se viviÃ³ en el festival de mÃºsica en Israel #short,El Universal,8878256,291709,12030
Two Israeli shopkeepers escape Hamas attack by hiding in freezer on Oct 7,Daily Mail World,7181865,37915,12119
Hamas Was Only 50 Meters Below Thousands of Palestinians,Israel Defense Forces,6236089,204450,18320
WATCH: Hamas Chief Yahya Sinwar in Gaza Tunnel Hours Before Oct 7 Attack | Subscribe to Firstpost,Firstpost,5388975,130520,12957
Israel-Hamas war animated map,War map animation,5323694,51090,1402
SOLDADOS PERSEGUEM TERRORISTAS DO HAMAS EM RODOVIA DE ISRAEL,Itatiaia,5012707,233602,7381
Hamas Lesatkan Roket Pakai Tumpukan Bata,Serambinews,5595696,137389,1755
à¦‡à¦¸à¦°à¦¾à§Ÿà§‡à¦² à¦­à§‚à¦–à¦£à§à¦¡à§‡ à¦¨à¦¤à§à¦¨à¦­à¦¾à¦¬à§‡ à¦ªà§à¦°à¦¬à§‡à¦¶ à¦•à¦°à¦›à§‡ à¦¹à¦¾à¦®à¦¾à¦¸ à¦¯à§‹à¦¦à§à¦§à¦¾à¦°à¦¾ |  Israel War | Hamas | Jamuna TV,Jamuna TV,3544069,34821,1042
How Israel Strikes Qatar against Hamas In Doha?,AiTelly,3368629,32211,5602
Inside the music festival Hamas gunmen attacked and took hostages from,NBC News,3086739,41708,8404
Celebrando el Orgullo en Israel: Un Momento Ãšnico del IDF ğŸ‡®ğŸ‡±ğŸ’™,Israel Avia,5657002,17517,646
israel | benjaminnetanyahu | hamas | thanthitv,Thanthi TV,3032241,36899,474
BREAKING: Hamas issues urgent plea in personal letter to Trump,Fox News,1744057,20356,9165
"Israel, Palestine and Hamas explained in two minutes",Channel 4 News,1737780,16592,6135
"BREAKING: Hamas attacks Israeli forces, IDF strikes back in Gaza",Fox News,1669035,27173,15020
"Israel Hamas War : à¤•à¤¼à¤¤à¤°, à¤¯à¤®à¤¨ à¤•à¥‡ à¤¬à¤¾à¤¦ à¤¤à¥à¤°à¥à¤•à¥€ à¤ªà¤° à¤­à¤¯à¤¾à¤¨à¤• à¤¹à¤®à¤²à¤¾? | Qatar Attack | Netanyahu-Trump | N18G",News18 India,1658702,13196,2059
à¤ˆà¤°à¤¾à¤¨ à¤¨à¥‡ à¤‡à¤œà¤°à¤¾à¤¯à¤² à¤•à¥‹ à¤¦à¥€ à¤¬à¤¡à¤¼à¥€ à¤§à¤®à¤•à¥€ | Israel Palestine Conflict | Hamas | Gaza | #Shorts,Aaj Tak,1936159,43764,1785
Porta-voz do Hamas abandona entrevista apÃ³s perguntas da BBC #short,BBC News Brasil,1465418,58679,9146
Hamas reportedly holding public executions in Gaza: 'SETTLING SCORES',Fox News,1316129,14594,3951
Rangkuman Konflik Hamas-Israel: Prancis Murka ke Zionis | Hamas Bersumpah Balas Dendam ke Tel Aviv,Tribunnews,1249496,7657,2662
Israel Attack On Gaza War Update: 150 à¤²à¤¡à¤¼à¤¾à¤•à¥‹à¤‚ à¤¸à¥‡ à¤­à¤°à¥€ Hamas à¤Ÿà¤¨à¤² à¤®à¥‡à¤‚ à¤­à¤°à¤¾ à¤¸à¥€à¤®à¥‡à¤‚à¤Ÿ  #latestshorts #shorts,TV9 Bharatvarsh,2388588,14491,194
BREAKING: 200+ TRAPPED Hamas Terrorists PLEAD For Rescue; Iran Arms Iraqi Militias | TBN Israel,TBN Israel,1194680,47434,7878
â€œGet the F*** Out of Gaza!â€ Trump Seals Israel-Hamas Peace Deal | With Cenk Uygur & Daniella Weiss,Piers Morgan Uncensored,1093000,14336,12740
Porque o Hamas decidiu atacar Israel justamente agora?,Realidade Militar,1047420,45651,738
Gaza Bakal Jadi Kuburan Bagi Israel,Serambinews,2066283,41723,2728
SEE IT: First images emerge of hostages being released from Hamas captivity,Fox News,997205,16211,3262
"Perang Israel Iran, Bagaimana Sikap Indonesia? #shorts",METRO TV,2024546,13489,383
Watch: Trump Gets Note From Rubio Before Announcing Israel-Hamas Deal | WSJ News,WSJ News,981778,5409,1084
Gaza ceasefire: 10 hostages missing despite deal with Hamas,LiveNOW from FOX,963373,11184,3983
"Bersih-bersih, Hamas Eksekusi Mati 33 Pria di Gaza Usai Diduga Berkhianat & Sekongkol dengan Israel",Tribunnews,3539189,15336,1628
BREAKING: Hamas Faces TOTAL ELIMINATION As IDF Approves Gaza City Conquest | TBN Israel,TBN Israel,914917,37177,4316
"Gempuran Israel Menggila, Hamas Ancam Bunuh Sandera",Kompas.com,982349,18714,2997
Inside Kibbutz Be'eri residents were murdered by Hamas as the IDF failed them | 7.30,ABC News In-depth,893743,7604,0
BREAKING: Hamas Terrorists TRAPPED In Tunnels; IDF Eliminates ELITE Hezbollah Soldiers | TBN Israel,TBN Israel,887128,39958,6112
BREAKING: IDF Captures MASSIVE Hamas Terror Cell As Iran Buries Top Military Leaders | TBN Israel,TBN Israel,801044,29978,1450
"IDF Sibuk Perbaiki Tank, Kepala Tentara Israel Ditembak Sniper Hamas hingga Tewas di Tempat",Tribunnews,794467,9965,931
"Guerre Ã  Gaza : \"Ã‡a peut faire tomber Netanyahou\"",C l'hebdo - France TÃ©lÃ©visions,1381927,16280,1151
Hamas's October 7 Attack: A Minute-by-Minute Breakdown,The Military Show,751496,8660,2278
TENTARA HAMAS MENGAMUK! Hujani Kota di Israel dengan Rudal saat Peundaan Invasi di Jalur Gaza,Tribunnews Bogor,865554,27065,1359
How Ismail Haniyeh was targeted in Tehran Assassination explained,The Australian,797175,18267,522
BREAKING: Hamas' SHOCKING WEAPONIZATION Strategy COUNTERED By Israeli Airdrop | TBN Israel,TBN Israel,662234,33554,3750
BREAKING: Hamas BREAKS Ceasefire Promise; Iran Threatens NUCLEAR Retaliation | TBN Israel,TBN Israel,648937,27802,4101
Humood - Falasteen Biladi |  Ø­Ù…ÙˆØ¯ Ø§Ù„Ø®Ø¶Ø± - ÙÙ„Ø³Ø·ÙŠÙ† Ø¨Ù„Ø§Ø¯ÙŠ,Humood AlKhudher Ø­Ù…ÙˆØ¯ Ø§Ù„Ø®Ø¶Ø±,66116333,803782,46426
ÙƒÙ„Ù…Ø© Ù„ØºØ²Ø© #gaza #Ø§ÙƒØ³Ø¨Ù„ÙˆØ± #gazagenocide #dance #happy #Ø±Ù‚Øµ #bboy #gazaunderattack #ØªÙŠÙƒ_ØªÙˆÙƒ,just gaza - Ø¬Ø³Øª,99592971,423176,1053
Ù…Ø´Ù‡Ø¯ ØªÙ…Ø«ÙŠÙ„ÙŠ Ø£Ù…Ø§Ù… Ø§Ù„Ø¨ÙŠØª Ø§Ù„Ø£Ø¨ÙŠØ¶ ÙŠØ¬Ø³Ø¯ Ø§Ù„Ù‚ØµÙ Ø§Ù„Ø¥Ø³Ø±Ø§Ø¦ÙŠÙ„ÙŠ Ø¹Ù„Ù‰ ØºØ²Ø©,AlJazeera Arabic  Ù‚Ù†Ø§Ø© Ø§Ù„Ø¬Ø²ÙŠØ±Ø©,35016181,117745,5777
Ø³Ø§Ù„Ù†Ø§Ù‡Ø§ Ø¹Ù† Ø§Ù„Ø®Ø¯Ø´ Ø¨ÙˆÚ†Ù‡Ù‡Ø§ Ø´ÙˆÙÙˆ Ø´Ùˆ Ù‚Ø§Ù„ØªğŸ˜­â¤ï¸ğŸ‡µğŸ‡¸#ØºØ²Ù‡ #gaza,Ø¨Ù†Øª ØºØ²Ù‡,38949656,1019292,29749
BiGSaM - Ù„Ùˆ Ù…Ø±Ø© Ø¨Ø³ (Official Music Video) Law Mara Bas,BiGSaM Official,24478269,219969,10301
Ø£ÙˆØ±ÙˆØ¨ÙŠÙˆÙ† ÙŠØªÙØ§Ø¹Ù„ÙˆÙ† Ù…Ø¹ ÙˆÙ‚ÙØ© Ù†Ø¸Ù…Ù‡Ø§ Ù†Ø´Ø·Ø§Ø¡ ØªØ¹Ø¨Ù‘Ø± Ø¹Ù† Ø£Ø­ÙˆØ§Ù„ Ø£Ù…Ù‡Ø§Øª ØºØ²Ø© ÙÙŠ Ø£ÙˆØ³Ù„Ùˆ,Ø¹Ø±Ø¨ÙŠ TRT,24653512,707425,14665
Ø§Ù…Ø§Ù†Ø© Ø­Ø¯ Ø´Ø§Ù Ø§Ù…ÙŠ .. Ø·ÙÙ„ Ù†Ø¬Ø§ Ù…Ù† Ø§Ù„ØºØ§Ø±Ø§Øª ÙÙŠ ØºØ²Ø© ÙÙ„Ø³Ø·ÙŠÙ†,PalestineTV  ØªÙ„ÙØ²ÙŠÙˆÙ† ÙÙ„Ø³Ø·ÙŠÙ†,19951981,349087,8348
Ø´Ø§Ø¨ Ù…Ù† ØºØ²Ø© ÙŠØ¨ØªÙƒØ± ÙˆÙ„Ø§Ø¹Ø©,Roya TV,15634812,653800,5647
ÙƒÙŠÙ ÙƒØ§Ù†ØªğŸ˜­ğŸ’” #Ø§ÙƒØ³Ø¨Ù„ÙˆØ± #Ø§Ù… Ù…Ø­Ù…Ø¯#ØºØ²Ø© #ÙÙ„Ø³Ø·ÙŠÙ† #Ø®ÙŠÙ…Ø© #Ù‚ØµÙ,Ø§Ù… Ù…Ø­Ù…Ø¯ ÙˆØ§Ø¯ÙŠ,36446452,376934,8609
Ø¹Ø§Ø¬Ù„ | Ù„Ø­Ø¸Ø© Ø§Ø³ØªÙ‡Ø¯Ø§Ù Ø¢Ù„ÙŠØ§Øª Ù„Ù„Ø¬ÙŠØ´ Ø§Ù„Ø¥Ø³Ø±Ø§Ø¦ÙŠÙ„ÙŠ Ø¨Ø·Ø§Ø¦Ø±Ø© Ù…Ø³ÙŠØ±Ø© ÙÙŠ ØºØ²Ø©,Asharq News - Ø§Ù„Ø´Ø±Ù‚ Ù„Ù„Ø£Ø®Ø¨Ø§Ø±,14522714,644684,12197
Ø£ÙƒØ¨Ø± Ø³Ø¬Ù† Ø¨Ø§Ù„Ø¹Ø§Ù„Ù… - Ø§Ù„Ø·Ø±ÙŠÙ‚ Ø§Ù„Ù‰ ØºØ²Ø© ğŸ‡µğŸ‡¸ GAZA,Joe HaTTab,12711472,499405,34522
Ø·ÙÙ„Ø© ØºØ²Ø§ÙˆÙŠØ© ØªØ¨ÙƒÙŠ ÙˆØ§Ù„Ø¯ØªÙ‡Ø§ Ø§Ù„Ù…ØµØ§Ø¨Ø© Ø¬Ø±Ù‘Ø§Ø¡ Ø§Ù„Ù‚ØµÙ Ø§Ù„Ø¥Ø³Ø±Ø§Ø¦ÙŠÙ„ÙŠ,AlArabiya Ø§Ù„Ø¹Ø±Ø¨ÙŠØ©,12383107,272150,9300
Ø£Ù… ØªÙˆØ¯Ø¹ Ø·ÙÙ„Ù‡Ø§ ÙˆØ²ÙˆØ¬Ù‡Ø§ Ø§Ù„Ù„Ø°ÙŠÙ† Ø§Ø³ØªØ´Ù‡Ø¯Ø§ ÙÙŠ Ù‚ØµÙ Ø¬ÙˆÙŠ Ø¹Ù„Ù‰ Ù‚Ø·Ø§Ø¹ #ØºØ²Ø©,PalestineTV  ØªÙ„ÙØ²ÙŠÙˆÙ† ÙÙ„Ø³Ø·ÙŠÙ†,11441567,473065,30437
ØºØ²Ø© ğŸ’”ğŸ¥¹ #ØºØ²Ø© #ÙÙ„Ø³Ø·ÙŠÙ†,Ù†ÙˆØ± Ø§Ù„Ø¹ÙŠÙ† 1,20352335,192755,2663
Ø¥Ø³Ø±Ø§Ø¦ÙŠÙ„ ØªÙØ§Ø¬Ø£Øª Ø¨Ø¹Ø«ÙˆØ±Ù‡Ø§ Ø¹Ù„Ù‰ Ù†ÙÙ‚ Ø´Ù…Ø§Ù„ ØºØ²Ø© .. ØµØ­ Ø§Ù„Ù†ÙˆÙ… Ù‡Ù‡Ù‡Ù‡Ù‡ â€«#ÙˆØµÙ„ØªÙ…_Ù…ØªØ£Ø®Ø±ÙŠÙ† #Ø£Ø­Ù…Ø¯_ÙØ§Ø®ÙˆØ±ÙŠâ€¬ â€«#Ø´Ø¨ÙƒØ§Øªâ€¬,Ahmad Fakhouri,10799171,402910,6054
"\"Ù‡Ø¹Ù…Ù„ Ù„Ùƒ Ù…Ù† Ø¯Ù…ÙŠ Ø°Ø®ÙŠØ±Ø© ÙˆØ£Ø¹Ù…Ù„ Ù…Ù† Ø¯Ù…Ùƒ Ø£Ù†Ù‡Ø§Ø±\".. Ø¹Ø±Ø¶ Ø¹Ø³ÙƒØ±ÙŠ Ù„Ù„ÙˆØ§Ø¡ ØºØ²Ø© Ø£Ø­Ø¯ Ø£Ù„ÙˆÙŠØ© ÙƒØªØ§Ø¦Ø¨ Ø§Ù„Ù‚Ù€.Ù€ØŒÙ€Ø³Ø§Ù…",Al Jazeera Mubasher Ù‚Ù†Ø§Ø© Ø§Ù„Ø¬Ø²ÙŠØ±Ø© Ù…Ø¨Ø§Ø´Ø±,12719926,733313,29654
"\" Ø£Ù…ÙŠ Ù…Ø§ØªØª \" Ø·ÙÙ„ ÙŠØ¨ÙƒÙŠ ÙˆØ§Ù„Ø¯ØªÙ‡ Ø¨Ø¹Ø¯ Ø§Ø³ØªØ´Ù‡Ø§Ø¯Ù‡Ø§ Ø¨Ù‚ØµÙ€ Ù€Ù€Ù Ø¥Ø³Ø±Ø§Ø¦ÙŠÙ„ÙŠ Ù„Ù‚Ø·Ø§Ø¹ ØºØ²Ø©",Al Jazeera Mubasher Ù‚Ù†Ø§Ø© Ø§Ù„Ø¬Ø²ÙŠØ±Ø© Ù…Ø¨Ø§Ø´Ø±,10070937,340342,12639
Ø£Ø·ÙØ§Ù„ ØºØ²Ø©,AJ+ ÙƒØ¨Ø±ÙŠØª,14505707,348445,5616
Ø²ÙˆØ§Ø¬ Ù…Ù† ÙˆØ³Ø· Ø§Ù„Ø±ÙƒØ§Ù… â¤ï¸â¤ï¸ğŸ‡µğŸ‡¸ #gaza #ØºØ²Ø©,Ø¨Ù†Øª ØºØ²Ù‡,10110323,186005,2591
Gaza girl cries seeing journalist who resembles her father | AJ #shorts,Al Jazeera English,7795542,394637,15948
ÙˆÙ‡Ù… Ù…Ø¹ØµÙˆØ¨Ùˆ Ø§Ù„Ø£Ø¹ÙŠÙ† ÙˆÙ…Ù‚ÙŠØ¯Ùˆ Ø§Ù„Ø£ÙŠØ¯ÙŠ.. Ø¬Ù†Ø¯ÙŠ Ø¥Ø³Ø±Ø§Ø¦ÙŠÙ„ÙŠ ÙŠÙ†ÙƒÙ‘Ù„ Ø¨Ø£Ø³Ø±Ù‰ ÙÙ„Ø³Ø·ÙŠÙ†ÙŠÙŠÙ† ÙÙŠ ØºØ²Ø©,Al Jazeera Mubasher Ù‚Ù†Ø§Ø© Ø§Ù„Ø¬Ø²ÙŠØ±Ø© Ù…Ø¨Ø§Ø´Ø±,7116785,76108,9463
Ù„Ø­Ø¸Ø© Ø§Ø³ØªÙ‡Ø¯Ø§Ù Ù…Ù‚Ø§ØªÙ„ ÙÙ„Ø³Ø·ÙŠÙ†ÙŠ Ø®Ø±Ø¬ Ù…Ù† ÙØªØ­Ø© Ù†ÙÙ‚ ÙÙŠ ØºØ²Ø©,AlArabiya Ø§Ù„Ø¹Ø±Ø¨ÙŠØ©,8007771,69498,5467
ÙƒÙŠÙ Ø¹Ù…Ù„Øª Ø«Ù„Ø§Ø¬Ø© Ø§Ù„Ù†Ø§Ø²Ø­ÙŠÙ†ğŸ˜ #Ø§ÙƒØ³Ø¨Ù„ÙˆØ± #gazawiseh #ØºØ²Ø§ÙˆÙŠ #ØªØ±Ù†Ø¯ #ØºØ²Ù‡ #ØºØ²Ø© #ÙÙ„Ø³Ø·ÙŠÙ† #Ø·Ø¨Ø® #ØªÙŠÙƒ_ØªÙˆÙƒ #ÙˆØµÙØ§Øª,Ø­ÙŠØ§Ø© ØºØ²Ø§ÙˆÙŠ,6105609,190845,1313
"\"Ù…Ø§Ø¨Ù‚Ø¯Ø± Ø§Ø¹ÙŠØ´ Ø¨Ø¯ÙˆÙ†Ùƒ ÙŠÙ…Ø§\"...  #ØºØ²Ø© #ÙÙ„Ø³Ø·ÙŠÙ†",PalestineTV  ØªÙ„ÙØ²ÙŠÙˆÙ† ÙÙ„Ø³Ø·ÙŠÙ†,5790727,143746,3902
"ØµØ±Ø® \"Ø§Ù„Ù„Ù‡ Ø£ÙƒØ¨Ø±\".. Ù†Ø¯ÙˆØ¨ Ø­Ù€ Ù€Ø±Ø¨ #ØºØ²Ø© ØªØ¯ÙØ¹ Ø¬Ù†Ø¯ÙŠØ§ Ø¥Ø³Ø±Ø§Ø¦ÙŠÙ„ÙŠØ§ Ù„Ù„Ø§Ù†ØªÙ€ Ù€Ø­Ø§Ø±",Al Jazeera Mubasher Ù‚Ù†Ø§Ø© Ø§Ù„Ø¬Ø²ÙŠØ±Ø© Ù…Ø¨Ø§Ø´Ø±,5956384,125892,2404
"Ø±Ø³Ø§Ù„Ø© Ù…Ù† ØºØ²Ø© \"Ø§Ù„ÙŠÙ…Ù† ØªØ§Ø¬ Ø¹Ù„Ù‰ Ø±Ø£Ø³Ù†Ø§\"..",Ø´Ø¨ÙƒØ© Ù‚Ø¯Ø³ Ø§Ù„Ø§Ø®Ø¨Ø§Ø±ÙŠØ©,6913045,381490,11865
ØºØ²Ø©.. Ø¥Ù†Ù‚Ø§Ø° Ø·ÙÙ„Ø© Ø¹Ø§Ù„Ù‚Ø© ØªØ­Øª Ø§Ù„Ø±ÙƒØ§Ù… Ø¨Ø¹Ø¯ 8 Ø³Ø§Ø¹Ø§Øª Ù…Ù† Ø§Ù„Ø¹Ù…Ù„,AlJazeera Arabic  Ù‚Ù†Ø§Ø© Ø§Ù„Ø¬Ø²ÙŠØ±Ø©,8278945,209954,9156
Ø¥Ø³Ø±Ø§Ø¦ÙŠÙ„ ØªÙ†Ø´Ø± ÙÙŠØ¯ÙŠÙˆ Ù„Ù„Ø³Ù†ÙˆØ§Ø± ÙˆØ¹Ø§Ø¦Ù„ØªÙ‡ Ù…Ù† Ø¯Ø§Ø®Ù„ Ø£Ø­Ø¯ Ø£Ù†ÙØ§Ù‚ ØºØ²Ø©,Ø§Ù„Ø«Ø§Ù†ÙŠØ© - Althania,4885060,94582,5286
Ø´Ø§Ù‡Ø¯ | ÙƒÙ„Ù…Ø© Ø£Ø¨Ùˆ Ø¹Ø¨ÙŠØ¯Ø© Ø§Ù„Ù†Ø§Ø·Ù‚ Ø¨Ø§Ø³Ù… ÙƒØªØ§Ø¦Ø¨ Ø§Ù„Ù‚Ø³Ø§Ù… ÙÙŠ Ø§Ù„ÙŠÙˆÙ… Ø§Ù„Ù€651 Ù…Ù† Ø§Ù„Ø­Ø±Ø¨ Ø§Ù„Ø¥Ø³Ø±Ø§Ø¦ÙŠÙ„ÙŠØ© Ø¹Ù„Ù‰ ØºØ²Ø©,AlJazeera Arabic  Ù‚Ù†Ø§Ø© Ø§Ù„Ø¬Ø²ÙŠØ±Ø©,4404430,221918,36124
"#Ø´Ø§Ù‡Ø¯ Ø´Ù‡Ø¯Ø§Ø¡ ÙˆØ¬Ø±Ø­Ù‰ Ù…Ø¹Ø¸Ù…Ù‡Ù… Ù…Ù† Ø§Ù„Ø£Ø·ÙØ§Ù„ Ø¬Ø±Ø§Ø¡ Ù‚ØµÙ Ø§Ù„Ø§Ø­ØªÙ„Ø§Ù„ ÙÙŠ Ø­ÙŠ Ø§Ù„ØªÙØ§Ø­ Ø´Ø±Ù‚ ØºØ²Ø©",PalestineTV  ØªÙ„ÙØ²ÙŠÙˆÙ† ÙÙ„Ø³Ø·ÙŠÙ†,5991778,188595,7601
Ø·ÙÙ„ ÙÙ„Ø³Ø·ÙŠÙ†ÙŠ ØºØ²Ø§ÙˆÙŠ Ù†Ø§Ø²Ø­ Ù…Ù† Ø´Ù…Ø§Ù„ ØºØ²Ø© ÙŠØ­Ù…Ù„ Ø´Ù‚ÙŠÙ‚ØªÙ‡ Ø¹Ù„Ù‰ Ø¸Ù‡Ø±Ù‡ Ø§Ø¹ÙŠØ§Ù‡ Ø§Ù„ØªØ¹Ø¨ ÙˆØ§Ù„Ø®ÙˆÙ ÙˆØ§Ù„Ø¬ÙˆØ¹  #gaza #Ø§ÙƒØ³Ø¨Ù„ÙˆØ±,ÙŠÙ„Ø§ Ù…Ø¹Ø§Ù†Ø§ Ø¹ ÙÙ„Ø³Ø·ÙŠÙ† Come To Palestine,9591608,238395,8916
ÙÙ†Ø§Ù† Ø¨ÙˆÙ„Ù†Ø¯ÙŠ ÙŠØ­Ø§ÙƒÙŠ Ø§Ø³ØªÙ‡Ø¯Ø§Ù Ø·Ø§Ø¦Ø±Ø§Øª Ø§Ù„Ø§Ø­ØªÙ„Ø§Ù„ Ù„Ø®ÙŠØ§Ù… Ø§Ù„Ù†Ø§Ø²Ø­ÙŠÙ† ÙÙŠ Ù‚Ø·Ø§Ø¹ ØºØ²Ø©,Al Jazeera Mubasher Ù‚Ù†Ø§Ø© Ø§Ù„Ø¬Ø²ÙŠØ±Ø© Ù…Ø¨Ø§Ø´Ø±,4197950,125544,3103
Ø§Ù†Ù‡ÙŠØ§Ø± Ø·ÙÙ„Ø© ÙÙ„Ø³Ø·ÙŠÙ†ÙŠØ© Ù…Ù† Ø§Ù„Ø¨ÙƒØ§Ø¡ Ø¨Ø³Ø¨Ø¨ Ø§Ù„Ø¬ÙˆØ¹ Ø§Ù„Ø°ÙŠ ÙŠØ¶Ø±Ø¨ ØºØ²Ø© Ø¨Ø¹Ø¯ Ø­ØµØ§Ø± Ø¥Ø³Ø±Ø§Ø¦ÙŠÙ„ Ø§Ù„Ø®Ø§Ù†Ù‚,AlArabiya Ø§Ù„Ø¹Ø±Ø¨ÙŠØ©,8701908,241626,0
Ù…Ù‚Ø§ØªÙ„ Ù…Ù† Ø§Ù„Ù‚Ø³Ø§Ù… ÙŠÙˆØ¬Ù‡ Ø±Ø³Ø§Ù„Ø© Ø£Ø«Ù†Ø§Ø¡ ØªÙ†ÙÙŠØ°Ù‡ Ø¹Ù…Ù„ÙŠØ© ÙÙŠ ØºØ²Ø©,AlJazeera Arabic  Ù‚Ù†Ø§Ø© Ø§Ù„Ø¬Ø²ÙŠØ±Ø©,7002875,311031,6074
Ø§Ø¹ØªØ±Ø§ÙØ§Øª Ù…Ø¬Ù†Ø¯Ø© Ø¥Ø³Ø±Ø§Ø¦ÙŠÙ„ÙŠØ© : Ù…Ø§ Ù„Ù… ÙŠÙÙ‚Ø§Ù„ Ø¹Ù† Ù„ÙŠØ§Ù„ÙŠ Ø§Ù„Ù…Ø¹Ø³ÙƒØ±Ø§Øª ÙÙŠ Ø­Ø±Ø¨ ØºØ²Ø©,Ø±Ø¤ÙŠØ© | Roâ€™ya,3779650,33166,4424
Ø¹Ø±Ø§Ù‚ÙŠ ÙŠØ­ØªÙÙŠ Ø¨Ù…Ø±ÙƒØ¨Ø© ØªÙ‚Ù„ ÙÙ„Ø³Ø·ÙŠÙ†ÙŠÙ‹Ø§ Ù…Ù† ØºØ²Ø© Ø£Ø«Ù†Ø§Ø¡ ØªÙˆØ²ÙŠØ¹Ù‡ Ù…Ø´Ø±ÙˆØ¨ Ø¨Ø§Ø±Ø¯,Ø´Ø¨ÙƒØ© Ù‚Ø¯Ø³ Ø§Ù„Ø§Ø®Ø¨Ø§Ø±ÙŠØ©,6491152,169425,6602
"#ÙÙŠØ¯ÙŠÙˆ Ø¨Ù‚Ø§ÙŠØ§ Ø¬Ø«Ø§Ù…ÙŠÙ† Ø´Ù‡Ø¯Ø§Ø¡ Ù…ØªØ­Ù„Ù„Ø© ÙÙŠ Ø§Ù„Ù…Ù†Ø§Ø·Ù‚ Ø§Ù„ØªÙŠ Ø§Ù†Ø³Ø­Ø¨ Ù…Ù†Ù‡Ø§ Ø§Ù„Ø§Ø­ØªÙ„Ø§Ù„ Ø´Ù…Ø§Ù„ #ØºØ²Ø©",PalestineTV  ØªÙ„ÙØ²ÙŠÙˆÙ† ÙÙ„Ø³Ø·ÙŠÙ†,4140402,159646,10919
Ø¨Ø§Ù„ÙÙŠØ¯ÙŠÙˆ.. Ù…Ø¬Ù†Ø¯Ø© Ø³Ø®Ø±Øª Ù…Ù† Ø£Ù‡Ù„ ØºØ²Ø© ÙÙ‚ÙØªÙ„Øª ÙÙŠ Ù†ÙØ³ Ø§Ù„Ù…ÙƒØ§Ù† Ø¨Ø±ØµØ§ØµØ© Ø¨Ø§Ù„Ø±Ù‚Ø¨Ø©! â€“ Ø§Ù„Ù…Ø´Ù‡Ø¯ ØªØ§Øº,Al Mashhad Ø§Ù„Ù…Ø´Ù‡Ø¯,3432478,33835,3194
ÙƒÙŠÙ Ø¹Ø§ÙŠØ´ÙŠÙ† ÙÙŠ ØºØ²Ø© !! Ù‚ØµÙ Ø£Ø«Ù†Ø§Ø¡ Ø§Ù„ØªØµÙˆÙŠØ± ğŸ’”,THE SISTERS,3313796,60252,4753
Ù…Ø­Ù…Ø¯ Ø¹Ø³Ø§Ù - Ø³Ù„Ø§Ù…Ù Ù„ØºØ²Ø© | Mohammed Assaf - Salam Le Gaza,Mohammed Assaf,3067386,74118,6546
"\"Ø´ÙˆÙÙˆØ§ ÙƒÙ… Ø±Ø¨Ø­Øª Ù…Ù† Ø¨ÙŠØ¹ Ø§Ù„Ù…Ø§Ø¡ ÙÙŠ ØºØ²Ø©! ğŸ’§ğŸ’°\"#ØªØ¬Ø±Ø¨Ø© #Ø¨ÙŠØ¹ #Ø§Ù„Ù…Ø§Ø¡ #ÙÙŠ #Ù…Ø¯ÙŠÙ†Ø© #ØºØ²Ø© #Ù„Ø§ÙŠÙƒ #Ø§Ø´ØªØ±Ø§Ùƒ #shorts",Ù…ØµØ¹Ø¨ Ù…Ø´ØªÙ‡Ù‰ Ù…Ù† ØºØ²Ø©,5676299,66220,139
"\"Ù‚Ø¨Ù„ ÙŠØ¯Ù‡ ÙÙ‚ØªÙ„Ù‡\" .. Ø£Ù…ÙŠØ±ÙƒÙŠ ÙŠÙƒØ´Ù Ø¬Ø±ÙŠÙ…Ø© Ù‚ØªÙ„ Ø§Ù„Ø·ÙÙ„ Ø£Ù…ÙŠØ± Ø¨Ø¯Ù… Ø¨Ø§Ø±Ø¯ ÙÙŠ ØºØ²Ø© | ØªÙˆØ§ØµÙ„",Ø§Ù„Ø¹Ø±Ø¨ÙŠ - Ø£Ø®Ø¨Ø§Ø±,2848516,58008,13463
"Ø¬Ù†ÙˆØ¯ \"Ø¥Ø³Ø±Ø§Ø¦ÙŠÙ„ÙŠÙˆÙ†\" ÙŠØ¹Ø¨Ø«ÙˆÙ† Ø¨Ø®Ø²Ø§Ø¦Ù† Ø§Ù„Ù…Ù„Ø§Ø¨Ø³  ÙÙŠ ØºØ²Ø© Ø¨Ø¹Ø¯ Ø§Ø±ØªÙƒØ§Ø¨Ù‡Ù… Ø§Ù„ÙØ¸Ø§Ø¦Ø¹   #shortvideo #shorts #short",Roya News,3389081,30416,9546
Ù‚Ø§Ø¦Ø¯ Ø¥Ø³Ø±Ø§Ø¦ÙŠÙ„ÙŠ Ø³Ø§Ø¨Ù‚: Ø§Ø­ØªÙ„Ø§Ù„ ØºØ²Ø© Ù‚Ø¯ ÙŠØ´Ø¹Ù„ Ù…ÙˆØ§Ø¬Ù‡Ø© Ù…Ø¹ Ù…ØµØ±,AlJazeera Arabic  Ù‚Ù†Ø§Ø© Ø§Ù„Ø¬Ø²ÙŠØ±Ø©,5040510,42959,316
"Ù…Ù‚Ø§ØªÙ„Ùˆ \"Ø§Ù„Ù‚Ø³Ø§Ù…\" ÙŠØ¹Ø¯Ù…ÙˆÙ† Ù„ØµÙˆØµ Ø§Ù„Ù…Ø³Ø§Ø¹Ø¯Ø§Øª ÙÙŠ ØºØ²Ø© #Ø§Ø®Ø¨Ø§Ø±_Ø§Ù„Ù…Ø´Ù‡Ø¯",Al Mashhad Ø§Ù„Ù…Ø´Ù‡Ø¯,4118018,132948,4762
Ø´Ø¬Ø§Ø± Ù…Ø³Ù„Ø­ Ø¨ÙŠÙ† Ø§Ù„Ù†Ø§Ø²Ø­ÙŠÙ† ÙÙŠ ØºØ²Ø© Ø¨Ø³Ø¨Ø¨ Ø¶ÙŠÙ‚ Ø§Ù„Ù…Ø³Ø§Ø­Ø© Ù„Ù†ØµØ¨ Ø§Ù„Ø®ÙŠØ§Ù…,AlHadath Ø§Ù„Ø­Ø¯Ø«,4624032,37487,4127
Ø§Ù„Ù‚Ø³Ø§Ù… ØªØ¨Ø« ØªØ³Ø¬ÙŠÙ„Ø§ Ù…ØµÙˆØ±Ø§ Ù…ÙˆØ¬Ù‡Ø§ Ù„Ù„Ø¬Ù†ÙˆØ¯ Ø§Ù„Ø¥Ø³Ø±Ø§Ø¦ÙŠÙ„ÙŠÙŠÙ† ÙÙŠ ØºØ²Ø© ØªØ·Ø§Ù„Ø¨Ù‡Ù… ÙÙŠÙ‡ Ø¨Ø§Ù„Ø§Ø³ØªØ³Ù„Ø§Ù… Ù„Ù„Ø£Ø³Ø± Ø¨Ø¯Ù„Ø§ Ù…Ù† Ø§Ù„Ù‚ØªÙ„,Al Jazeera Mubasher Ù‚Ù†Ø§Ø© Ø§Ù„Ø¬Ø²ÙŠØ±Ø© Ù…Ø¨Ø§Ø´Ø±,3034959,156503,3984
Ø£Ø³Ø§Ù Ø­Ù…Ø§Ù…ÙŠ Ø§Ù„Ø£Ø¹Ù„Ù‰ Ø±ØªØ¨Ø© Ø¨ÙŠÙ† Ø§Ù„Ù…Ø­ØªØ¬Ø²ÙŠÙ† Ù„Ø¯Ù‰ Ø­Ù…Ø§Ø³ ÙÙŠ Ù‚Ø·Ø§Ø¹ ØºØ²Ø©,Ø³ÙŠØ§Ø³Ø© Ù„Ø³,3360250,54919,491
Ø§Ù„Ù…ÙÙ‚Ø§ÙˆÙ…Ø© Ø§Ù„ÙÙ„Ø³Ø·ÙŠÙ†ÙŠØ© ÙÙŠ ØºØ²Ø© ØªØ³ØªØ¹Ø±Ø¶ Ø§Ù„Ø£Ø³Ù„Ø­Ø© Ø§Ù„ØªÙŠ Ø§Ø³ØªØ®Ø¯Ù…ØªÙ‡Ø§ ÙÙŠ Ø­Ø±Ø¨Ù‡Ø§ Ø¶Ø¯ Ø¬ÙŠØ´ Ø§Ù„Ø§Ø­ØªÙ„Ø§Ù„ Ø§Ù„Ø¥Ø³Ø±Ø§Ø¦ÙŠÙ„ÙŠ,Ø§Ù„Ø¹Ø±Ø¨ÙŠ - Ø£Ø®Ø¨Ø§Ø±,2471460,83745,1057
"#ÙƒÙ„Ù…Ø© #Ø·ÙÙ„ Ù…Ù† #ØºØ²Ø© ÙˆÙÙŠ #ÙŠÙˆÙ…_Ø§Ù„Ø·ÙÙ„_Ø§Ù„Ø¹Ø§Ù„Ù…ÙŠ ÙÙ…Ø§ Ø±Ø£ÙŠÙƒÙ… ÙÙŠ ÙƒÙ„Ù…ØªÙ‡ØŸ",Al Insen TV Ù‚Ù†Ø§Ø© Ø§Ù„Ø¥Ù†Ø³Ø§Ù†,4434355,121041,4939
Ø¹Ø´Ø±Ø§Øª Ø§Ù„Ø´Ø¨Ø§Ù† ÙŠØ±Ø´Ù‚ÙˆÙ† Ø§Ù„Ù‚ÙˆØ§Øª Ø§Ù„Ø¥Ø³Ø±Ø§Ø¦ÙŠÙ„ÙŠØ© Ø¨Ø§Ù„Ø­Ø¬Ø§Ø±Ø© ÙÙŠ Ø±Ø§Ù… Ø§Ù„Ù„Ù‡,AlHadath Ø§Ù„Ø­Ø¯Ø«,92497766,1709490,48216
Ù…Ø´Ù‡Ø¯ ØªÙ…Ø«ÙŠÙ„ÙŠ Ø£Ù…Ø§Ù… Ø§Ù„Ø¨ÙŠØª Ø§Ù„Ø£Ø¨ÙŠØ¶ ÙŠØ¬Ø³Ø¯ Ø§Ù„Ù‚ØµÙ Ø§Ù„Ø¥Ø³Ø±Ø§Ø¦ÙŠÙ„ÙŠ Ø¹Ù„Ù‰ ØºØ²Ø©,AlJazeera Arabic  Ù‚Ù†Ø§Ø© Ø§Ù„Ø¬Ø²ÙŠØ±Ø©,35016181,117745,5777
Ø§Ù„ÙØµØ§Ø¦Ù„ Ø§Ù„Ù…Ø³Ù„Ø­Ø© Ø§Ù„ÙÙ„Ø³Ø·ÙŠÙ†ÙŠØ© ØªØ±Ø³Ù„ ØªØ¹Ø²ÙŠØ²Ø§ØªÙ‡Ø§ Ù„Ù„Ù…Ù‚Ø§ØªÙ„ÙŠÙ† Ø¯Ø§Ø®Ù„ Ø§Ù„Ù…Ø³ØªÙˆØ·Ù†Ø§Øª Ø§Ù„Ø¥Ø³Ø±Ø§Ø¦ÙŠÙ„ÙŠØ© Ø§Ù„Ù…Ø­ÙŠØ·Ø© Ø¨Ù‚Ø·Ø§Ø¹ ØºØ²Ø©,Ø§Ù„Ø¹Ø±Ø¨ÙŠØ© Ù…ØµØ±,36097649,865283,29928
ÙØ±ÙŠÙ‚ ÙÙ„Ø³Ø·ÙŠÙ†VS  ğŸ‡µğŸ‡¸ ÙØ±ÙŠÙ‚ Ø¥Ø³Ø±Ø§Ø¦ÙŠÙ„ #Ø­Ù‚Ø§Ø¦Ù‚ #Ø§Ù„Ø¹Ø±Ø¨ #palestine #ÙÙ„Ø³Ø·ÙŠÙ† #Ø§Ù„Ù…ØºØ±Ø¨,Ø­Ù‚Ø§Ø¦Ù‚-Facts,39056850,1183537,60829
Ù…Ø³Ù„Ø­ ÙÙ„Ø³Ø·ÙŠÙ†ÙŠ ÙŠØ¨Ø« Ø±Ø³Ø§Ù„Ø© Ù…ØµÙˆØ±Ø© Ø¨ÙŠÙ†Ù…Ø§ Ù‡Ùˆ Ù…Ø­Ø§ØµØ± Ù…Ù† Ø§Ù„Ù‚ÙˆØ§Øª Ø§Ù„Ø¥Ø³Ø±Ø§Ø¦ÙŠÙ„ÙŠØ© Ø´Ù…Ø§Ù„ Ø§Ù„Ø¶ÙØ© Ø§Ù„ØºØ±Ø¨ÙŠØ©,AlHadath Ø§Ù„Ø­Ø¯Ø«,39233655,1363881,30909
Ben Shapiro gets pro-Palestinian student to make SHOCKING confession #israel #gaza,Meaningful People,26851095,666696,53775
ÙÙ„Ø³Ø·ÙŠÙ† ÙˆØ¥Ø³Ø±Ø§Ø¦ÙŠÙ„| Ø­Ù„ Ø§Ù„Ù‚Ø¶ÙŠØ© Ø§Ù„ÙÙ„Ø³Ø·ÙŠÙ†ÙŠØ© !!,ÙŠÙˆÙ…ÙŠØ§Øª Ø³Ù…Ø³Ù… ÙˆØ³Ù…Ø³Ù…Ø©,24954323,151125,5397
Watch: Israeli Forces Stop Some Palestinians From Entering Al-Aqsa Compound | Subscribe to Firstpost,Firstpost,23008885,891127,26600
ÙÙ„Ø³Ø·ÙŠÙ† Ã— Ø¥Ø³Ø±Ø§Ø¦ÙŠÙ„ ØŒ Ù„Ø§Ø¹Ø¨ÙŠÙ† Ù…Ø¤ÙŠØ¯ÙŠÙ†ğŸŒ‹,Ø­Ø±Ø¨ Ø§Ù„Ø­Ù‚Ø§Ø¦Ù‚,33044751,0,12417
Ø§ØµØ¹Ø¨ ÙÙŠØ¯ÙŠÙˆ Ø§Ù„ÙŠÙˆÙ… ÙÙŠ ØºØ²Ø© Ø§Ù…Ù†Ù‡ ÙŠØ§ Ø¹Ù…Ùˆ ØªØ·Ù„Ø¹Ù†ÙŠ Ø§Ù…Ù†Ù‡ Ù…Ù† ØªØ­Øª Ø§Ù„Ø§Ù†Ù‚Ø§Ø¶ ÙˆØ§Ù„Ø±ÙƒØ§Ù…  ÙØªØ§Ø© ØªØ³ØªÙ†Ø¬Ø¯ Ù„Ù„Ù†Ø¬Ø§Ù‡ ØºØ²Ø© Ø§Ù„ÙŠÙˆÙ…,ØºØ²Ø©,28050933,0,31070
Palestinian shawarma vs Israeli shawarma,Pushpek Sidhu,20556109,1187175,42708
Palestinian confronts Israeli armoured vehicle in occupied West Bank | AJ #shorts,Al Jazeera English,21216172,529401,11177
Ø£ÙƒØ§Ø°ÙŠØ¨ Ø§Ù„Ø§Ø­ØªÙ„Ø§Ù„,AJ+ ÙƒØ¨Ø±ÙŠØª,18813526,749075,10000
ØºÙŠØ± Ù…ÙƒØªØ±Ø«.. Ø·ÙÙ„ ÙÙ„Ø³Ø·ÙŠÙ†ÙŠ ÙŠØ¬Ù„Ø³ Ø¨Ø«Ø¨Ø§Øª Ø¨ÙŠÙ† Ø¬Ù†ÙˆØ¯ Ø§Ù„Ø§Ø­ØªÙ„Ø§Ù„ Ø®Ù„Ø§Ù„ Ø§Ù‚ØªØ­Ø§Ù… Ø§Ù„Ø®Ù„ÙŠÙ„,Ø§Ù„Ø¹Ø±Ø¨ÙŠ - Ø£Ø®Ø¨Ø§Ø±,22946880,417964,3589
How Hamas fighters broke into a kibbutz (Oct 7 2023),Sky News,18766176,241473,23232
Ø§Ù…Ø§Ù†Ø© Ø­Ø¯ Ø´Ø§Ù Ø§Ù…ÙŠ .. Ø·ÙÙ„ Ù†Ø¬Ø§ Ù…Ù† Ø§Ù„ØºØ§Ø±Ø§Øª ÙÙŠ ØºØ²Ø© ÙÙ„Ø³Ø·ÙŠÙ†,PalestineTV  ØªÙ„ÙØ²ÙŠÙˆÙ† ÙÙ„Ø³Ø·ÙŠÙ†,19951981,349087,8348
Why do I support Palestine? ğŸ‡µğŸ‡¸ #freepalestine,Daud Kim,16442731,1023410,69972
Ø­Ø§Ù…Ù„Ø© Ø¹Ù„Ù… ÙÙ„Ø³Ø·ÙŠÙ†.. Ø·ÙÙ„Ø© ØºØ²ÙŠØ© ØªØ­ÙŠÙŠ Ù…Ù‚Ø§ØªÙ„ÙŠ ÙƒØªØ§Ø¦Ø¨ Ø§Ù„Ù‚Ø³Ø§Ù…,Ø§Ù„Ø¹Ø±Ø¨ÙŠ - Ø£Ø®Ø¨Ø§Ø±,19678658,1003082,20411
"Gaza woman leaves home for flour, returns to find family buried under rubble",TRT World,17460011,632994,28984
Israel bombs Al Farouq Mosque in Gaza's Nuseirat,TRT World,24399471,304030,3404
Ø¹Ø§Ø¬Ù„ | Ù„Ø­Ø¸Ø© Ø§Ø³ØªÙ‡Ø¯Ø§Ù Ø¢Ù„ÙŠØ§Øª Ù„Ù„Ø¬ÙŠØ´ Ø§Ù„Ø¥Ø³Ø±Ø§Ø¦ÙŠÙ„ÙŠ Ø¨Ø·Ø§Ø¦Ø±Ø© Ù…Ø³ÙŠØ±Ø© ÙÙŠ ØºØ²Ø©,Asharq News - Ø§Ù„Ø´Ø±Ù‚ Ù„Ù„Ø£Ø®Ø¨Ø§Ø±,14522714,644684,12197
UK STANDS WITH PALESTINE ğŸ‡µğŸ‡¸,Jay Palfrey,13685889,757331,66472
Ù‡ØªÙ†Ù‚Ø° Ù…ÙŠÙ† ØŸ Ø§Ø³Ø±Ø§Ø¦ÙŠÙ„ ÙˆÙ„Ø§ ÙÙ„Ø³Ø·ÙŠÙ† !!,Mkamel GG,13122956,1393906,9230
Ù…Ù‚Ø§ØªÙ„Ùˆ Ø§Ù„Ù‚Ø³Ø§Ù… ÙŠØ¨Ø§ØºØªÙˆÙ† Ø¯Ø¨Ø§Ø¨Ø© Ø¥Ø³Ø±Ø§Ø¦ÙŠÙ„ÙŠØ© Ù…Ù† Ù…Ø³Ø§ÙØ© ØµÙØ±,AlJazeera Arabic  Ù‚Ù†Ø§Ø© Ø§Ù„Ø¬Ø²ÙŠØ±Ø©,12913540,547537,2108
â€œWho Was There: Palestine and Israel?â€ #SOC119 #Palestine #Israel #Land #LandOwnership #WhosRight,SOC 119,12792529,307651,18260
Ø´Ø§Ø¨Ø© Ù…Ù† ØºØ²Ø© ØªÙˆØ«Ù‚ Ù„Ø­Ø¸Ø§Øª Ø§Ù„Ù‚ØµÙ Ø§Ù„Ø¥Ø³Ø±Ø§Ø¦ÙŠÙ„ÙŠ Ø¹Ù„Ù‰ Ø§Ù„Ù‚Ø·Ø§Ø¹ Ù…Ù† Ø¯Ø§Ø®Ù„ Ù…Ù†Ø²Ù„Ù‡Ø§,AlArabiya Ø§Ù„Ø¹Ø±Ø¨ÙŠØ©,13284591,404653,6689
How has Hamas attacked Israel #palestine #news #upsc,StudyIQ IAS,11615322,411886,1911
ÙÙ„Ø³Ø·ÙŠÙ† Ø¶Ø¯ Ø¥Ø³Ø±Ø§Ø¦ÙŠÙ„ .. Ø®Ø±ÙŠØ·Ø© Ø§Ù„Ø¹Ø§Ù„Ù… ØªØ­ÙƒÙŠ Ø¯Ø¹Ù… Ø§Ù„Ø¯ÙˆÙ„ Ù„Ù€  Palestine vs Israel,Ø³ØªÙŠØ¨ ÙÙŠØ¯ÙŠÙˆØºØ±Ø§Ù,11575666,180623,5831
Ø·ÙÙ„Ø© ØºØ²Ø§ÙˆÙŠØ© ØªØ¨ÙƒÙŠ ÙˆØ§Ù„Ø¯ØªÙ‡Ø§ Ø§Ù„Ù…ØµØ§Ø¨Ø© Ø¬Ø±Ù‘Ø§Ø¡ Ø§Ù„Ù‚ØµÙ Ø§Ù„Ø¥Ø³Ø±Ø§Ø¦ÙŠÙ„ÙŠ,AlArabiya Ø§Ù„Ø¹Ø±Ø¨ÙŠØ©,12383107,272150,9300
"\"Ø³Ø±Ø§ÙŠØ§ Ø§Ù„Ù‚Ø¯Ø³\" ØªÙ†Ø´Ø± Ù„Ù‚Ø·Ø§Øª Ù…ØµÙˆØ±Ø© Ù„Ø§Ø³ØªÙ‡Ø¯Ø§ÙÙ‡Ø§ Ø¢Ù„ÙŠØ§Øª Ø¥Ø³Ø±Ø§Ø¦ÙŠÙ„ÙŠØ© Ù…ØªÙˆØºÙ„Ø© ÙÙŠ Ù‚Ø·Ø§Ø¹ ØºØ²Ø©",Al Jazeera Mubasher Ù‚Ù†Ø§Ø© Ø§Ù„Ø¬Ø²ÙŠØ±Ø© Ù…Ø¨Ø§Ø´Ø±,10844200,172386,4853
Ø³ÙŠÙ†Ù‚Ø·Ø¹ Ù†ÙØ³Ù‡ .. Ù‡Ù„ ÙŠØ³Ù…Ø¹ Ø§Ù„Ø¹Ø§Ù„Ù… ! #ØºØ²Ø© #ÙÙ„Ø³Ø·ÙŠÙ†,PalestineTV  ØªÙ„ÙØ²ÙŠÙˆÙ† ÙÙ„Ø³Ø·ÙŠÙ†,11166091,440731,21531
Hamas rocket falls near Ashkelon in Israel,The Telegraph,10734133,119490,4528
Ø´Ø¨Ø§Ù† ÙŠÙ†Ù‚Ø°ÙˆÙ† Ù…ÙˆØ§Ø·Ù†Ø§Ù‹ Ø£ØµÙŠØ¨ Ø¨Ø±ØµØ§Øµ Ù‚Ù†Ø§ØµØ© Ø§Ù„Ø¬ÙŠØ´ Ø§Ù„Ø¥Ø³Ø±Ø§Ø¦ÙŠÙ„ÙŠ ÙÙŠ ØºØ²Ø©,AlArabiya Ø§Ù„Ø¹Ø±Ø¨ÙŠØ©,9672905,320937,5415
Palestinian boy cries for parents after Israeli airstrike in Gaza #shorts,CBS News,9905720,340986,17225
"IsraÃ«l - Palestine, 60 ans de violence",Investigation,9303184,71264,11596
Ø´ÙˆÙƒÙˆÙ„Ø§ØªØ© ÙÙ„Ø³Ø·ÙŠÙ† Ø¶Ø¯ Ø´ÙˆÙƒÙˆÙ„Ø§ØªØ© Ø¥Ø³Ø±Ø§Ø¦ÙŠÙ„ ğŸ”¥ Ù…Ù†Ùˆ Ø§Ù„Ø£ÙØ¶Ù„ ØŸ ğŸ˜±,Ø§ÙˆÙƒØ§ - OKA,9178918,0,32
Ø·ÙÙ„ ÙÙ„Ø³Ø·ÙŠÙ†ÙŠ Ù…Ø± Ø¹Ø¨Ø± Ø­Ø§Ø¬Ø² Ø¥Ø³Ø±Ø§Ø¦ÙŠÙ„ÙŠ ÙÙŠ Ù…Ø®ÙŠÙ… Ø¬Ù†ÙŠÙ† Ø£Ø¬Ø¨Ø±Ù‡ Ø§Ù„Ø¬Ù†ÙˆØ¯ Ø¹Ù„Ù‰ Ù…ÙˆØ§ØµÙ„Ø© Ø§Ù„Ù…Ø´ÙŠ Ø±Ø§ÙØ¹Ø§Ù‹ ÙŠØ¯ÙŠÙ‡,AlHadath Ø§Ù„Ø­Ø¯Ø«,12516186,354872,4972
Countries treat the heart of palestine in 2025 #historyballs #countryballs,HistoryBalls,19802035,138727,3544
The reality of apartheid in Israel and Palestine,Democracy Now!,8627935,323892,29094
"This kid in #Gaza was looking for food, then this happened...",AJ+,8843377,478024,17096
Israel or Palestine?,Daniel Fernandes,8451884,480182,20693
Ù…Ø´Ø§Ù‡Ø¯ Ù„Ø¬Ù†ÙˆØ¯ Ø¥Ø³Ø±Ø§Ø¦ÙŠÙ„ÙŠÙ†  Ø¯Ø§Ø®Ù„ Ù‚Ø§Ø¹Ø¯Ø© Ø¹Ø³ÙƒØ±ÙŠØ© Ù‚Ø±Ø¨ ØºÙ„Ø§Ù ØºØ²Ø©,AlArabiya Ø§Ù„Ø¹Ø±Ø¨ÙŠØ©,11618822,88129,2299
British journalist corrects framing of Israeli war at Columbia University,Middle East Eye,9183100,297791,11867
Muslim woman SCARED to speak out against Hamas #israel,Living Lchaim,8079990,281152,712
ÙÙ„Ø³Ø·ÙŠÙ† Ù„Ùˆ Ø§Ø³Ø±Ø§Ø¦ÙŠÙ„ Ø´ÙˆÙ Ø±Ø¯Ø© ÙØ¹Ù„ Ø§Ù„Ù†Ø§Ø³ğŸ‡µğŸ‡¸ğŸ«¡,Ø§Ù…ÙŠØ± Ø³Ù†ÙˆØ¨ÙŠ,7794255,213736,32457
"\"Ø£Ù†Ø§ Ø­ÙŠ Ø¨Ø¯ÙŠ Ø£ØµÙ„ÙŠ\".. Ø±Ø¯Ù‘Ù ÙØªÙ‰ ÙÙ„Ø³Ø·ÙŠÙ†ÙŠ Ø¹Ù‚Ø¨ Ø¥ØµØ§Ø¨ØªÙ‡ Ø¨Ø±ØµØ§Øµ Ø§Ù„Ø§Ø­ØªÙ„Ø§Ù„ ÙÙŠ Ù…Ø®ÙŠÙ… Ø§Ù„Ù†ØµÙŠØ±Ø§Øª",Al Jazeera Mubasher Ù‚Ù†Ø§Ø© Ø§Ù„Ø¬Ø²ÙŠØ±Ø© Ù…Ø¨Ø§Ø´Ø±,12243758,345797,9481
Pro-Israeli woman in London attacks people supporting Palestinians,TRT World,7811702,223457,18846
Gaza girl cries seeing journalist who resembles her father | AJ #shorts,Al Jazeera English,7795542,394637,15948
"The Truth about Israel-Palestine Conflict: Former US President, Barack Obama.",TANN,6925987,112621,15513
Iran and israel war 2025 - situation animation (countryballs),MahdiArdi,10640058,248741,16858
Ù…Ø´Ù‡Ø¯ ØªÙ…Ø«ÙŠÙ„ÙŠ Ø£Ù…Ø§Ù… Ø§Ù„Ø¨ÙŠØª Ø§Ù„Ø£Ø¨ÙŠØ¶ ÙŠØ¬Ø³Ø¯ Ø§Ù„Ù‚ØµÙ Ø§Ù„Ø¥Ø³Ø±Ø§Ø¦ÙŠÙ„ÙŠ Ø¹Ù„Ù‰ ØºØ²Ø©,AlJazeera Arabic  Ù‚Ù†Ø§Ø© Ø§Ù„Ø¬Ø²ÙŠØ±Ø©,35016181,117745,5777
"Beneath these ruins ,our dreams & memories are buried ğŸ¥€#gaza #war #home #shorts #explore",Sama Tube,60070480,1544307,30265
Ø§ØµØ¹Ø¨ ÙÙŠØ¯ÙŠÙˆ Ø§Ù„ÙŠÙˆÙ… ÙÙŠ ØºØ²Ø© Ø§Ù…Ù†Ù‡ ÙŠØ§ Ø¹Ù…Ùˆ ØªØ·Ù„Ø¹Ù†ÙŠ Ø§Ù…Ù†Ù‡ Ù…Ù† ØªØ­Øª Ø§Ù„Ø§Ù†Ù‚Ø§Ø¶ ÙˆØ§Ù„Ø±ÙƒØ§Ù…  ÙØªØ§Ø© ØªØ³ØªÙ†Ø¬Ø¯ Ù„Ù„Ù†Ø¬Ø§Ù‡ ØºØ²Ø© Ø§Ù„ÙŠÙˆÙ…,ØºØ²Ø©,28050933,0,31070
"\"ğŸ‰ WAR IS OVER: Gaza & Palestine Rejoice! Unbelievable Moment of Hope! ğŸŒâœ¨\" #shorts #happy #gaza",islam,39917177,567308,19911
Ø­Ø±Ø¨ ØºØ²Ø©ğŸ”¥,Abo rany,20117192,619059,6250
Ø¹Ø§Ø¬Ù„ | Ù„Ø­Ø¸Ø© Ø§Ø³ØªÙ‡Ø¯Ø§Ù Ø¢Ù„ÙŠØ§Øª Ù„Ù„Ø¬ÙŠØ´ Ø§Ù„Ø¥Ø³Ø±Ø§Ø¦ÙŠÙ„ÙŠ Ø¨Ø·Ø§Ø¦Ø±Ø© Ù…Ø³ÙŠØ±Ø© ÙÙŠ ØºØ²Ø©,Asharq News - Ø§Ù„Ø´Ø±Ù‚ Ù„Ù„Ø£Ø®Ø¨Ø§Ø±,14522714,644684,12197
Ø§Ù„Ø­Ø±Ø¨ Ø¹Ù„Ù‰ ØºØ²Ø© !ğŸ˜¢ #Ø§ÙƒØ³Ø¨Ù„ÙˆØ± #foryou #ÙÙ„Ø³Ø·ÙŠÙ†,Adham & Amjad Twins Ø§Ù„ØªÙˆØ§Ù… Ø§Ø¯Ù‡Ù… Ùˆ Ø§Ù…Ø¬Ø¯,13525512,360989,11580
ÙƒÙ€Ù…ÙŠÙ† Ø£Ø¹Ø¯ØªÙ‡ Ø§Ù„Ù€ Ù€Ù…Ù‚Ù€ Ù€Ø§ÙˆÙ…Ø©.. Ø´Ø§Ù‡Ø¯ Ù…Ø§Ø°Ø§ Ø­Ø¯Ø« Ù„Ø¬Ù†ÙˆØ¯ Ø§Ù„Ø§Ø­ØªÙ„Ø§Ù„,Al Jazeera Mubasher Ù‚Ù†Ø§Ø© Ø§Ù„Ø¬Ø²ÙŠØ±Ø© Ù…Ø¨Ø§Ø´Ø±,12166716,118961,6891
"\"Ø³Ø±Ø§ÙŠØ§ Ø§Ù„Ù‚Ø¯Ø³\" ØªÙ†Ø´Ø± Ù„Ù‚Ø·Ø§Øª Ù…ØµÙˆØ±Ø© Ù„Ø§Ø³ØªÙ‡Ø¯Ø§ÙÙ‡Ø§ Ø¢Ù„ÙŠØ§Øª Ø¥Ø³Ø±Ø§Ø¦ÙŠÙ„ÙŠØ© Ù…ØªÙˆØºÙ„Ø© ÙÙŠ Ù‚Ø·Ø§Ø¹ ØºØ²Ø©",Al Jazeera Mubasher Ù‚Ù†Ø§Ø© Ø§Ù„Ø¬Ø²ÙŠØ±Ø© Ù…Ø¨Ø§Ø´Ø±,10844200,172386,4853
Ù…Ø§ Ø®ÙÙŠ Ø£Ø¹Ø¸Ù….. Ø§Ù„Ø·ÙˆÙØ§Ù†,AlJazeera Arabic  Ù‚Ù†Ø§Ø© Ø§Ù„Ø¬Ø²ÙŠØ±Ø©,10590321,321693,22214
"\"Ù‡Ø¹Ù…Ù„ Ù„Ùƒ Ù…Ù† Ø¯Ù…ÙŠ Ø°Ø®ÙŠØ±Ø© ÙˆØ£Ø¹Ù…Ù„ Ù…Ù† Ø¯Ù…Ùƒ Ø£Ù†Ù‡Ø§Ø±\".. Ø¹Ø±Ø¶ Ø¹Ø³ÙƒØ±ÙŠ Ù„Ù„ÙˆØ§Ø¡ ØºØ²Ø© Ø£Ø­Ø¯ Ø£Ù„ÙˆÙŠØ© ÙƒØªØ§Ø¦Ø¨ Ø§Ù„Ù‚Ù€.Ù€ØŒÙ€Ø³Ø§Ù…",Al Jazeera Mubasher Ù‚Ù†Ø§Ø© Ø§Ù„Ø¬Ø²ÙŠØ±Ø© Ù…Ø¨Ø§Ø´Ø±,12719926,733313,29654
"\" Ø£Ù…ÙŠ Ù…Ø§ØªØª \" Ø·ÙÙ„ ÙŠØ¨ÙƒÙŠ ÙˆØ§Ù„Ø¯ØªÙ‡ Ø¨Ø¹Ø¯ Ø§Ø³ØªØ´Ù‡Ø§Ø¯Ù‡Ø§ Ø¨Ù‚ØµÙ€ Ù€Ù€Ù Ø¥Ø³Ø±Ø§Ø¦ÙŠÙ„ÙŠ Ù„Ù‚Ø·Ø§Ø¹ ØºØ²Ø©",Al Jazeera Mubasher Ù‚Ù†Ø§Ø© Ø§Ù„Ø¬Ø²ÙŠØ±Ø© Ù…Ø¨Ø§Ø´Ø±,10070937,340342,12639
"Gaza before 7th Oct,, now only the quiet of the rubble persistsğŸ’”#gaza #after #war #north_gaza #",Sama Tube,19093739,294429,17807
Ø£Ù… ÙÙ„Ø³Ø·ÙŠÙ†ÙŠØ© ØªØ¨ÙƒÙŠ Ø£Ø·ÙØ§Ù„Ù‡Ø§ Ø¨Ø¹Ø¯ Ø§Ø³ØªØ´Ù‡Ø§Ø¯Ù‡Ù… Ø¬Ø±Ø§Ø¡ Ø§Ù„Ù‚Ù€Ù€ Ù€ØµÙ Ø§Ù„Ø¥Ø³Ø±Ø§Ø¦ÙŠÙ„ÙŠ Ø¹Ù„Ù‰ ØºØ²Ø©,Al Jazeera Mubasher Ù‚Ù†Ø§Ø© Ø§Ù„Ø¬Ø²ÙŠØ±Ø© Ù…Ø¨Ø§Ø´Ø±,8820661,213580,12661
ÙˆÙ‡Ù… Ù…Ø¹ØµÙˆØ¨Ùˆ Ø§Ù„Ø£Ø¹ÙŠÙ† ÙˆÙ…Ù‚ÙŠØ¯Ùˆ Ø§Ù„Ø£ÙŠØ¯ÙŠ.. Ø¬Ù†Ø¯ÙŠ Ø¥Ø³Ø±Ø§Ø¦ÙŠÙ„ÙŠ ÙŠÙ†ÙƒÙ‘Ù„ Ø¨Ø£Ø³Ø±Ù‰ ÙÙ„Ø³Ø·ÙŠÙ†ÙŠÙŠÙ† ÙÙŠ ØºØ²Ø©,Al Jazeera Mubasher Ù‚Ù†Ø§Ø© Ø§Ù„Ø¬Ø²ÙŠØ±Ø© Ù…Ø¨Ø§Ø´Ø±,7116785,76108,9463
Ù…Ø´Ø§Ù‡Ø¯ Ø­ØµØ±ÙŠØ© Ù…Ù† Ø­Ù„Ù‚Ø© Ù…Ø§ Ø®ÙÙŠ Ø£Ø¹Ø¸Ù… ØªÙˆØ«Ù‚ Ù‚ÙŠØ§Ø¯Ø© Ø§Ù„Ø³*Ù†ÙˆØ§Ø± Ù„Ù„ÙƒØªØ§Ø¦Ø¨ Ù…Ù† Ù‚Ù„Ø¨ Ø§Ù„Ù…Ø¹*Ø±ÙƒØ©,AJ360 - Ø§Ù„Ø¬Ø²ÙŠØ±Ø© 360,6307330,132321,10459
"Ø´Ø§Ù‡Ø¯ | ÙƒÙ…ÙŠÙ† \"ÙƒØ³Ø± Ø§Ù„Ø³ÙŠÙ\".. Ø§Ù„Ù‚Ø³Ø§Ù… ØªÙ‡Ø§Ø¬Ù… Ø¢Ù„ÙŠØ© Ø¥Ø³Ø±Ø§Ø¦ÙŠÙ„ÙŠØ© Ù…Ù† Ø§Ù„Ù…Ø³Ø§ÙØ© ØµÙØ± ÙÙŠ Ø¨ÙŠØª Ø­Ø§Ù†ÙˆÙ†",AlJazeera Arabic  Ù‚Ù†Ø§Ø© Ø§Ù„Ø¬Ø²ÙŠØ±Ø©,6139903,145826,3271
Ø³Ø§Ø¹Ø§Øª Ø§Ù„Ø·ÙˆÙØ§Ù† Ø§Ù„Ø£ÙˆÙ„Ù‰ .. ÙƒÙŠÙ Ø¬Ø±Øª Ø§Ù„Ø¹Ù…Ù„ÙŠØ© Ø§Ù„Ø£ÙƒØ¨Ø± ÙÙŠ ØªØ§Ø±ÙŠØ® Ø§Ù„Ù…Ù‚Ø§ÙˆÙ…Ø© Ø§Ù„ÙÙ„Ø³Ø·ÙŠÙ†ÙŠØ©ØŸ | ÙˆØ«Ø§Ø¦Ù‚ÙŠØ§Øª Ø§Ù„Ø¹Ø±Ø¨ÙŠ,Ø§Ù„Ø¹Ø±Ø¨ÙŠ - Ø£Ø®Ø¨Ø§Ø±,6125365,61081,3303
Ø·ÙÙ„Ø© ÙÙ„Ø³Ø·ÙŠÙ†ÙŠØ© ØªÙˆØ§Ø¬Ù‡ Ø¬Ù†ÙˆØ¯ Ø§Ø³Ø±Ø§Ø¦Ù€.ÙŠÙ„ÙŠÙŠÙ† Ø¨Ø¯ÙˆÙ† Ø®ÙˆÙ Ù…Ù†Ù‡Ù… â€œÙÙ„Ø³Ø·ÙŠÙ† Ø³ÙˆÙ ØªØªØ­Ø±Ø±â€,Museum Secrets,15421883,129234,2198
Ù…Ø´Ø§Ù‡Ø¯ Ù…Ø¤Ù„Ù…Ø© Ø¹Ù‚Ø¨ Ø§Ù†Ø³Ø­Ø§Ø¨ Ø§Ù„Ø§Ø­ØªÙ„Ø§Ù„ Ø§Ù„Ø¥Ø³Ø±Ø§Ø¦ÙŠÙ„ÙŠ Ù…Ù† Ø®Ø§Ù† ÙŠÙˆÙ†Ø³,Al Jazeera Mubasher Ù‚Ù†Ø§Ø© Ø§Ù„Ø¬Ø²ÙŠØ±Ø© Ù…Ø¨Ø§Ø´Ø±,5746453,145548,7928
Ø§Ù„Ø¯Ø±ÙˆØ²ØŒ Ø§Ù„Ø­ÙˆØ«ÙŠØŒ Ø­Ø±Ø¨ Ø§ÙŠØ±Ø§Ù† ÙˆØ§Ù„ÙƒÙŠØ§Ù†ØŒ Ø­Ø²Ø¨ Ø§Ù„Ù„Ù‡ØŒ Ø£Ù…Ø±ÙŠÙƒØ§ ÙˆØªØ±Ø§Ù…Ø¨ØŒ Ùˆ ØºÙ€.Ø²Ø© | Ø¯. Ø¹Ø¨Ø¯Ø§Ù„Ù„Ù‡ Ø§Ù„Ù†ÙÙŠØ³ÙŠ,Ù…Ø­ÙÙˆÙ,5095299,62522,11293
Ù‚ÙˆØ§Øª Ø¥Ø³Ø±Ø§Ø¦ÙŠÙ„ÙŠØ© ØªÙ‡Ø§Ø¬Ù… Ø¹Ø±Ø³Ø§Ù‹ ÙÙ„Ø³Ø·ÙŠÙ†ÙŠØ§Ù‹ ÙÙŠ Ù…Ø¯ÙŠÙ†Ø© Ø§Ù„Ø·ÙŠØ¨Ø© Ø§Ù„Ø¹Ø±Ø¨ÙŠØ©,AlArabiya Ø§Ù„Ø¹Ø±Ø¨ÙŠØ©,5621119,91142,4304
Ù†Ø§Ø´Ø·ÙˆÙ† ÙŠÙ„Ø§Ø­Ù‚ÙˆÙ† Ù…Ø§ÙƒØ±ÙˆÙ† ÙÙŠ ÙƒÙ†Ø¯Ø§ Ø¨Ø³Ø¨Ø¨ Ù…ÙˆÙ‚ÙÙ‡ Ù…Ù† Ø­Ø±Ø¨ ØºØ²Ø©,AlJazeera Arabic  Ù‚Ù†Ø§Ø© Ø§Ù„Ø¬Ø²ÙŠØ±Ø©,4656730,139204,3112
Ø­Ø±ÙƒØ© Ø­Ù…Ø§Ø³ ØªÙ‚ÙˆÙ„ Ø¥Ù† Ø§Ù„Ø¬ÙŠØ´ Ø§Ù„Ø¥Ø³Ø±Ø§Ø¦ÙŠÙ„ÙŠ Ø¹Ø§Ù„Ù‚ ÙÙŠ ØºØ²Ø© Ø¨Ù„Ø§ Ø§Ù†ØªØµØ§Ø± Ø£Ùˆ Ù‡Ø¯Ù Ø¨Ø¹Ø¯ 200 ÙŠÙˆÙ… Ù…Ù† Ø§Ù„Ø­Ø±Ø¨,AlArabiya Ø§Ù„Ø¹Ø±Ø¨ÙŠØ©,5450289,71381,895
Ù…Ù† Ø£Ù†ÙØ§Ù‚ Ø§Ù„Ù‚Ø³Ø§Ù….. Ù„Ø­Ø¸Ø© ØªÙ„Ù‚ÙŠ Ø§Ù„Ù…Ø­ØªØ¬Ø²ÙŠÙ† Ø§Ù„Ø¥Ø³Ø±Ø§Ø¦ÙŠÙ„ÙŠÙŠÙ† Ø®Ø¨Ø± Ø§Ù„Ø¥ÙØ±Ø§Ø¬ Ø¹Ù†Ù‡Ù…,AlJazeera Arabic  Ù‚Ù†Ø§Ø© Ø§Ù„Ø¬Ø²ÙŠØ±Ø©,4418065,57931,2164
Ø´Ø§Ù‡Ø¯ | ÙƒÙ„Ù…Ø© Ø£Ø¨Ùˆ Ø¹Ø¨ÙŠØ¯Ø© Ø§Ù„Ù†Ø§Ø·Ù‚ Ø¨Ø§Ø³Ù… ÙƒØªØ§Ø¦Ø¨ Ø§Ù„Ù‚Ø³Ø§Ù… ÙÙŠ Ø§Ù„ÙŠÙˆÙ… Ø§Ù„Ù€651 Ù…Ù† Ø§Ù„Ø­Ø±Ø¨ Ø§Ù„Ø¥Ø³Ø±Ø§Ø¦ÙŠÙ„ÙŠØ© Ø¹Ù„Ù‰ ØºØ²Ø©,AlJazeera Arabic  Ù‚Ù†Ø§Ø© Ø§Ù„Ø¬Ø²ÙŠØ±Ø©,4404430,221918,36124
Ø§Ø³ØªÙ‡Ø¯Ø§Ù Ù…Ù‚Ø§ÙˆÙ… ÙÙ„Ø³Ø·ÙŠÙ†ÙŠ Ù‚Ø¨Ù„ Ø§Ø³ØªÙ‡Ø¯Ø§ÙÙ‡ Ù„Ø¢Ù„ÙŠØ© Ø¥Ø³Ø±Ø§Ø¦ÙŠÙ„ÙŠØ© ÙÙŠ ØºØ²Ø©,AlJazeera Arabic  Ù‚Ù†Ø§Ø© Ø§Ù„Ø¬Ø²ÙŠØ±Ø©,4247853,27061,1920
"#Ø´Ø§Ù‡Ø¯ Ø´Ù‡Ø¯Ø§Ø¡ ÙˆØ¬Ø±Ø­Ù‰ Ù…Ø¹Ø¸Ù…Ù‡Ù… Ù…Ù† Ø§Ù„Ø£Ø·ÙØ§Ù„ Ø¬Ø±Ø§Ø¡ Ù‚ØµÙ Ø§Ù„Ø§Ø­ØªÙ„Ø§Ù„ ÙÙŠ Ø­ÙŠ Ø§Ù„ØªÙØ§Ø­ Ø´Ø±Ù‚ ØºØ²Ø©",PalestineTV  ØªÙ„ÙØ²ÙŠÙˆÙ† ÙÙ„Ø³Ø·ÙŠÙ†,5991778,188595,7601
ÙÙ†Ø§Ù† Ø¨ÙˆÙ„Ù†Ø¯ÙŠ ÙŠØ­Ø§ÙƒÙŠ Ø§Ø³ØªÙ‡Ø¯Ø§Ù Ø·Ø§Ø¦Ø±Ø§Øª Ø§Ù„Ø§Ø­ØªÙ„Ø§Ù„ Ù„Ø®ÙŠØ§Ù… Ø§Ù„Ù†Ø§Ø²Ø­ÙŠÙ† ÙÙŠ Ù‚Ø·Ø§Ø¹ ØºØ²Ø©,Al Jazeera Mubasher Ù‚Ù†Ø§Ø© Ø§Ù„Ø¬Ø²ÙŠØ±Ø© Ù…Ø¨Ø§Ø´Ø±,4197950,125544,3103
Ø§Ø¹ØªØ±Ø§ÙØ§Øª Ù…Ø¬Ù†Ø¯Ø© Ø¥Ø³Ø±Ø§Ø¦ÙŠÙ„ÙŠØ© : Ù…Ø§ Ù„Ù… ÙŠÙÙ‚Ø§Ù„ Ø¹Ù† Ù„ÙŠØ§Ù„ÙŠ Ø§Ù„Ù…Ø¹Ø³ÙƒØ±Ø§Øª ÙÙŠ Ø­Ø±Ø¨ ØºØ²Ø©,Ø±Ø¤ÙŠØ© | Roâ€™ya,3779650,33166,4424
ØªÙ‡Ø¯ÙŠØ¯ Ø¹Ø³ÙƒØ±ÙŠ Ø¬Ø¯ÙŠØ¯.. Ø§Ù„Ø­ÙˆØ«ÙŠÙˆÙ† ÙŠÙ…Ù‡Ù„ÙˆÙ† Ø¥Ø³Ø±Ø§Ø¦ÙŠÙ„ 4 Ø£ÙŠØ§Ù….. Ù…Ø§ Ø§Ù„Ù‚ØµØ©ØŸ,Ø§Ù„Ø¹Ø±Ø¨ÙŠ - Ø£Ø®Ø¨Ø§Ø±,4891063,183665,10001
"#ÙÙŠØ¯ÙŠÙˆ Ø¨Ù‚Ø§ÙŠØ§ Ø¬Ø«Ø§Ù…ÙŠÙ† Ø´Ù‡Ø¯Ø§Ø¡ Ù…ØªØ­Ù„Ù„Ø© ÙÙŠ Ø§Ù„Ù…Ù†Ø§Ø·Ù‚ Ø§Ù„ØªÙŠ Ø§Ù†Ø³Ø­Ø¨ Ù…Ù†Ù‡Ø§ Ø§Ù„Ø§Ø­ØªÙ„Ø§Ù„ Ø´Ù…Ø§Ù„ #ØºØ²Ø©",PalestineTV  ØªÙ„ÙØ²ÙŠÙˆÙ† ÙÙ„Ø³Ø·ÙŠÙ†,4140402,159646,10919
Ø¨Ø§Ù„ÙÙŠØ¯ÙŠÙˆ.. Ù…Ø¬Ù†Ø¯Ø© Ø³Ø®Ø±Øª Ù…Ù† Ø£Ù‡Ù„ ØºØ²Ø© ÙÙ‚ÙØªÙ„Øª ÙÙŠ Ù†ÙØ³ Ø§Ù„Ù…ÙƒØ§Ù† Ø¨Ø±ØµØ§ØµØ© Ø¨Ø§Ù„Ø±Ù‚Ø¨Ø©! â€“ Ø§Ù„Ù…Ø´Ù‡Ø¯ ØªØ§Øº,Al Mashhad Ø§Ù„Ù…Ø´Ù‡Ø¯,3432478,33835,3194
"History, genocide and Israelâ€™s war on Gaza: Mehdi Hasan & Benny Morris | Head to Head",Al Jazeera English,3250840,54088,19287
Ø´Ø§Ù‡Ø¯ | Ø§Ù„Ù‚Ø³Ø§Ù… ØªÙ†Ø´Ø± Ù…Ø´Ø§Ù‡Ø¯ Ù„Ù‚ØµÙ Ù‚ÙˆØ§Øª Ø§Ù„Ø§Ø­ØªÙ„Ø§Ù„ Ø¨Ù‚Ø°Ø§Ø¦Ù Ø§Ù„Ù‡Ø§ÙˆÙ† ÙÙŠ Ø±ÙØ­,AlJazeera Arabic  Ù‚Ù†Ø§Ø© Ø§Ù„Ø¬Ø²ÙŠØ±Ø©,2924403,46371,1433
"Ø¬Ù†ÙˆØ¯ \"Ø¥Ø³Ø±Ø§Ø¦ÙŠÙ„ÙŠÙˆÙ†\" ÙŠØ¹Ø¨Ø«ÙˆÙ† Ø¨Ø®Ø²Ø§Ø¦Ù† Ø§Ù„Ù…Ù„Ø§Ø¨Ø³  ÙÙŠ ØºØ²Ø© Ø¨Ø¹Ø¯ Ø§Ø±ØªÙƒØ§Ø¨Ù‡Ù… Ø§Ù„ÙØ¸Ø§Ø¦Ø¹   #shortvideo #shorts #short",Roya News,3389081,30416,9546
Ø´Ø§Ù‡Ø¯ | ÙƒØ§Ù…ÙŠØ±Ø§ Ø¹Ø³ÙƒØ±ÙŠ Ø¥Ø³Ø±Ø§Ø¦ÙŠÙ„ÙŠ ØªÙˆØ«Ù‚ Ø§Ø´ØªØ¨Ø§ÙƒØ§Øª Ù…Ø¨Ø§Ø´Ø±Ø© Ø¨ÙŠÙ† Ø§Ù„Ù…Ù‚Ø§ÙˆÙ…Ø© ÙˆØ§Ù„Ø§Ø­ØªÙ„Ø§Ù„ ÙÙŠ ØºØ²Ø©,AlJazeera Arabic  Ù‚Ù†Ø§Ø© Ø§Ù„Ø¬Ø²ÙŠØ±Ø©,2611204,35290,3070
Ù…Ù‚Ø§ÙˆÙ… Ù‚Ø³Ø§Ù…ÙŠ Ø¨Ø§Ù„Ø¨Ø·Ø§Ù†ÙŠØ© Ø®Ø±Ø¬ Ù…Ù† ØªØ­Øª Ø§Ù„Ø£Ù†Ù‚Ø§Ø¶ ØªØ­Øª Ø£Ø¹ÙŠÙ† Ø§Ù„Ù‚Ù†Ø§ØµØ© Ù„ÙŠØ¯Ù…Ø± Ø§Ù„Ø¯Ø¨Ø§Ø¨Ø© .. Ø¥Ù„ÙŠÙƒÙ… Ø§Ù„Ù‚ØµØ© | ØªÙˆØ§ØµÙ„,Ø§Ù„Ø¹Ø±Ø¨ÙŠ - Ø£Ø®Ø¨Ø§Ø±,2602071,45528,2113
Ù‚Ø§Ø¦Ø¯ Ø¥Ø³Ø±Ø§Ø¦ÙŠÙ„ÙŠ Ø³Ø§Ø¨Ù‚: Ø§Ø­ØªÙ„Ø§Ù„ ØºØ²Ø© Ù‚Ø¯ ÙŠØ´Ø¹Ù„ Ù…ÙˆØ§Ø¬Ù‡Ø© Ù…Ø¹ Ù…ØµØ±,AlJazeera Arabic  Ù‚Ù†Ø§Ø© Ø§Ù„Ø¬Ø²ÙŠØ±Ø©,5040510,42959,316
Ø´Ø§Ù‡Ø¯ | Ù…Ù‚Ø§ØªÙ„ ÙÙ„Ø³Ø·ÙŠÙ†ÙŠ ÙŠÙˆØ¬Ù‡ Ø±Ø³Ø§Ù„Ø© Ù…Ù† Ø¯Ø§Ø®Ù„ Ø£Ø­Ø¯ Ø£Ù†ÙØ§Ù‚ ØºØ²Ø© Ù‚Ø¨ÙŠÙ„ Ø§Ø³ØªØ´Ù‡Ø§Ø¯Ù‡,AlJazeera Arabic  Ù‚Ù†Ø§Ø© Ø§Ù„Ø¬Ø²ÙŠØ±Ø©,2475773,125712,9725
Ø­Ø±Ø¨ ØºØ²Ø© Ø£ÙˆÙ„ Ù„Ø­Ø¸Ø© ÙƒÙŠÙ Ø¹Ø´Ù†Ø§Ù‡Ø§ !!,Ø¹Ø§Ø¦Ù„Ø© Ù…Ø­Ù…Ø¯ ÙˆØ±Ù†Ø§,2468066,34293,2537
Ø§Ù„Ù‚Ø³Ø§Ù… ØªØ¨Ø« ØªØ³Ø¬ÙŠÙ„Ø§ Ù…ØµÙˆØ±Ø§ Ù…ÙˆØ¬Ù‡Ø§ Ù„Ù„Ø¬Ù†ÙˆØ¯ Ø§Ù„Ø¥Ø³Ø±Ø§Ø¦ÙŠÙ„ÙŠÙŠÙ† ÙÙŠ ØºØ²Ø© ØªØ·Ø§Ù„Ø¨Ù‡Ù… ÙÙŠÙ‡ Ø¨Ø§Ù„Ø§Ø³ØªØ³Ù„Ø§Ù… Ù„Ù„Ø£Ø³Ø± Ø¨Ø¯Ù„Ø§ Ù…Ù† Ø§Ù„Ù‚ØªÙ„,Al Jazeera Mubasher Ù‚Ù†Ø§Ø© Ø§Ù„Ø¬Ø²ÙŠØ±Ø© Ù…Ø¨Ø§Ø´Ø±,3034959,156503,3984
ÙƒØªØ§Ø¦Ø¨ Ø§Ù„Ù‚Ø³Ø§Ù… ØªØ³Ù‚Ø· Ù‚Ø°ÙŠÙØ© Ø£ÙØ±Ø§Ø¯ Ø¨Ù…Ø³ÙŠÙ‘Ø±Ø© Ø¹Ù„Ù‰ ØªØ¬Ù…Ø¹ Ù„Ø¬Ù†ÙˆØ¯ Ø§Ù„Ø§Ø­ØªÙ„Ø§Ù„ ÙÙŠ ØºØ²Ø©,AlJazeera Arabic  Ù‚Ù†Ø§Ø© Ø§Ù„Ø¬Ø²ÙŠØ±Ø©,2446612,35751,1176
Ù…Ø¯Ø±Ø¨ ØªØ±ÙƒÙŠ ÙŠØ¹Ù‚Ø¯ Ø¹Ù„Ù… Ø§Ù„Ø§Ø­ØªÙ„Ø§Ù„ Ù„Ø¥Ø®ÙØ§Ø¦Ù‡ Ø®Ù„Ø§Ù„ Ø¨Ø·ÙˆÙ„Ø© Ø§Ù„Ø¹Ø§Ù„Ù… Ù„Ù…ØµØ§Ø±Ø¹Ø© Ø§Ù„Ø£ÙŠØ¯ÙŠ ÙÙŠ Ø¨Ù„ØºØ§Ø±ÙŠØ§ Ø§Ø­ØªØ¬Ø§Ø¬Ù‹Ø§ Ø¹Ù„Ù‰ Ø­Ø±Ø¨ ØºØ²Ø©,Ø´Ø¨ÙƒØ© Ù‚Ø¯Ø³ Ø§Ù„Ø§Ø®Ø¨Ø§Ø±ÙŠØ©,5396445,147092,3971
ÙƒØ§Ù…ÙŠØ±Ø§ Ø¶Ø§Ø¨Ø· Ø¥Ø³Ø±Ø§Ø¦ÙŠÙ„ÙŠ ØªÙˆØ«Ù‚ Ø§Ø´ØªØ¨Ø§ÙƒØ§Øª Ù…Ø¨Ø§Ø´Ø±Ø© Ø¨ÙŠÙ† ÙØµØ§Ø¦Ù„ Ø§Ù„Ù…Ù‚Ø§ÙˆÙ…Ø© ÙˆØ§Ù„Ø§Ø­ØªÙ„Ø§Ù„ ÙÙŠ ØºØ²Ø©,AlJazeera Arabic  Ù‚Ù†Ø§Ø© Ø§Ù„Ø¬Ø²ÙŠØ±Ø©,2421579,36317,2243
Ø§Ù„Ù…ÙÙ‚Ø§ÙˆÙ…Ø© Ø§Ù„ÙÙ„Ø³Ø·ÙŠÙ†ÙŠØ© ÙÙŠ ØºØ²Ø© ØªØ³ØªØ¹Ø±Ø¶ Ø§Ù„Ø£Ø³Ù„Ø­Ø© Ø§Ù„ØªÙŠ Ø§Ø³ØªØ®Ø¯Ù…ØªÙ‡Ø§ ÙÙŠ Ø­Ø±Ø¨Ù‡Ø§ Ø¶Ø¯ Ø¬ÙŠØ´ Ø§Ù„Ø§Ø­ØªÙ„Ø§Ù„ Ø§Ù„Ø¥Ø³Ø±Ø§Ø¦ÙŠÙ„ÙŠ,Ø§Ù„Ø¹Ø±Ø¨ÙŠ - Ø£Ø®Ø¨Ø§Ø±,2471461,83745,1057
Ø§Ù„Ù‚Ø³Ø§Ù…: ØªÙØ¬ÙŠØ± Ù†Ø§Ù‚Ù„ØªÙŠ Ø¬Ù†Ø¯ Ø¥Ø³Ø±Ø§Ø¦ÙŠÙ„ÙŠØªÙŠÙ† ÙÙŠ ÙƒÙ…ÙŠÙ† Ø¨Ø®Ø§Ù† ÙŠÙˆÙ†Ø³,AlJazeera Arabic  Ù‚Ù†Ø§Ø© Ø§Ù„Ø¬Ø²ÙŠØ±Ø©,2061612,75541,6870
Ø­Ø±Ø¨ Ø§Ù„Ø¹Ø§Ù„Ù…ÙŠØ© ÙÙŠ ØºØ²Ø©ğŸ‡µğŸ‡¸ğŸ”¥#ÙÙ„Ø³Ø·ÙŠÙ†_Ø­Ø±Ø©,AD44 | Ø§Ø­Ù…Ø¯,2002828,11244,854
Ù„Ø­Ø¸Ø© Ø£Ø³Ø± Ø¬Ù†ÙˆØ¯ Ø¥Ø³Ø±Ø§Ø¦ÙŠÙ„ÙŠÙŠÙ† ÙˆÙ‡Ø±ÙˆØ¨ Ø¢Ø®Ø±ÙŠÙ† ÙÙŠ Ù…Ø¹Ø±ÙƒØ© Ø®Ø§Ù† ÙŠÙˆÙ†Ø³ Ø§Ù„ÙƒØ§Ø±Ø«ÙŠØ©,Ø±Ø¤ÙŠØ© | Roâ€™ya,1971892,46185,9146
Ø§Ù„Ù‚Ø³Ø§Ù… ØªØ´Ù† Ø¹Ù…Ù„ÙŠØ© Ù…Ø¹Ù‚Ø¯Ø© Ø§Ø³ØªÙ…Ø±Øª Ø³Ø§Ø¹Ø§Øª ÙÙŠ Ù‡Ø¬ÙˆÙ… ØºÙŠØ± Ù…Ø³Ø¨ÙˆÙ‚ ØªØ¶Ù…Ù† Ù…Ø´Ø§Ø±ÙƒØ© ÙØµÙŠÙ„ Ù…Ø´Ø§Ø© ÙƒØ§Ù…Ù„,AlJazeera Arabic  Ù‚Ù†Ø§Ø© Ø§Ù„Ø¬Ø²ÙŠØ±Ø©,1908431,49601,3205
"#ÙÙˆÙÙˆ #Ø§ÙƒØ³Ø¨Ù„ÙˆØ± #Ù„Ø§ÙŠÙƒ_Ø§Ø´ØªØ±Ø§Ùƒ #Ø§Ù„Ù‚Ø¯Ø³ #ÙÙ„Ø³Ø·ÙŠÙ† #ÙÙˆÙ„Ùˆ #Ø§Ø­Ø¨ #ØªØ±Ù†Ø¯_ #migma #rizz",FlowerğŸŒ¹ girl ğŸ˜­,72363280,1208384,6892
Humood - Falasteen Biladi |  Ø­Ù…ÙˆØ¯ Ø§Ù„Ø®Ø¶Ø± - ÙÙ„Ø³Ø·ÙŠÙ† Ø¨Ù„Ø§Ø¯ÙŠ,Humood AlKhudher Ø­Ù…ÙˆØ¯ Ø§Ù„Ø®Ø¶Ø±,66116333,803782,46426
Ø³ØªØ¨Ù‚Ù‰ Ø§Ù„Ù‚Ø¯Ø³ğŸ‡µğŸ‡¸,Maeenâ€™s | Ù…Ø¹ÙŠÙ†,31846993,102724,5011
Ø§Ù†Ø§ Ø¯Ù…ÙŠ ÙÙ„Ø³Ø·ÙŠÙ†ÙŠ ğŸ‡µğŸ‡¸ #palestine  #Ø§Ù„Ù‚Ø¯Ø³  #ÙÙ„Ø³Ø·ÙŠÙ† #Ø§Ù„Ù‚Ø¯Ø³_Ø®Ø·_Ø£Ø­Ù…Ø± #shortvideo,SARAH MEGAHED - Ø³Ø§Ø±Ø© Ù…Ø¬Ø§Ù‡Ø¯,24621229,758212,9194
Ø§Ø¨Ø¹ØªÙˆ Ø§Ù„ÙÙŠØ¯ÙŠÙˆ Ù„ØµØ§Ø­Ø¨ Ø§Ù„Ù„ÙŠ Ù‡Ø§ÙŠ Ø³ÙØªÙ‘Ù‡ ğŸ˜‚ #ÙÙ„Ø³Ø·ÙŠÙ† #Ø§Ù„Ù‚Ø¯Ø³ #Ø§ÙƒØ³Ø¨Ù„ÙˆØ± #Ø¶Ø­Ùƒ #Ù…Ø¶Ø­Ùƒ #Ø§Ù„Ø°ÙƒØ§Ø¡_Ø§Ù„Ø§ØµØ·Ù†Ø§Ø¹ÙŠ #ØºØ²Ø© #Ø­Ø¨,Abu Elhabal,62641350,206616,515
Ø¬ÙˆÙ„Ø© ÙÙŠ Ø§Ù„Ù‚Ø¯Ø³ ÙƒÙ…Ø§ Ù„Ù… ØªØ±Ø§Ù‡Ø§ Ù…Ù† Ù‚Ø¨Ù„ğŸ¤¯Muslim arab in Jerusalem Jew sector,Ahmed Elbadawy,20388237,547220,29440
"#ÙÙ„Ø³Ø·ÙŠÙ†_Ø§Ù„Ù‚Ø¯Ø³_Ø§Ù„Ø§Ù‚ØµÙ‰ #ÙÙ„Ø³Ø·ÙŠÙ† #Ø§ÙƒØ³Ø¨Ù„ÙˆØ±",Dr. Fix,22423337,356238,2870
Ø³ØªØ¨Ù‚Ù‰ #Ø§Ù„Ù‚Ø¯Ø³ #ÙÙ„Ø³Ø·ÙŠÙ† ğŸ‡µğŸ‡¸,Marwa family - Ø¹Ø§Ø¦Ù„Ø© Ù…Ø±ÙˆÙ‰,14545596,403189,0
Most Difficult Entrance into Holy Area (Al-Aqsa) ğŸ‡µğŸ‡¸ #shorts #palestine #israel #travel,Yasmin & Apo - Around The World,14187398,341482,7915
ÙÙŠØ¯ÙŠÙˆ: ÙÙŠ Ø§Ù„Ù‚Ø¯Ø³.. Ø§Ù„Ø´Ø±Ø·Ø© Ø§Ù„Ø¥Ø³Ø±Ø§Ø¦ÙŠÙ„ÙŠØ© ØªÙ‡Ø§Ø¬Ù… ÙŠÙ‡ÙˆØ¯Ù‹Ø§ Ù…ØªØ¯ÙŠÙ†ÙŠÙ† ØªØ¶Ø§Ù…Ù†ÙˆØ§ Ù…Ø¹ Ø§Ù„ÙÙ„Ø³Ø·ÙŠÙ†ÙŠÙŠÙ†,euronews (Ø¹Ù€Ù€Ø±Ø¨ÙŠ),5331633,23427,5974
Ø¯Ø®Ù„Øª Ø£Ø®Ø·Ø± Ø­ÙŠ Ù„Ù„ÙŠÙ‡ÙˆØ¯ ÙÙŠ Ø§Ù„Ù‚Ø¯Ø³ | Muslims in Jerusalem,Mehdi Chettah Ù…Ù‡Ø¯ÙŠ Ø´Ø·Ø§Ø­,5122722,186299,15129
"â€˜God gave us Israel, all of itâ€™ | Along the Green Line: episode 1",The Guardian,4149602,89224,16300
ÙŠØ§Ø±Ø¨ Ø§Ø­ÙØ¸ Ø£Ù‡Ù„ Ø§Ù„Ù‚Ø¯Ø³ #ÙÙ„Ø³Ø·ÙŠÙ†,Ø¨Ø±Ø§ÙˆÙŠ ÙˆØ³Ø±Ù‰ğŸ‘,7360892,92044,293
ÙÙ„Ø³Ø·ÙŠÙ† ÙˆØ¥Ø³Ø±Ø§Ø¦ÙŠÙ„ Ù‡Ø°Ø§ Ù…Ø§ ÙŠØ­Ø¯Ø« Ø¨Ø§Ø®ØªØµØ§Ø±,Ø³ØªÙŠØ¨ ÙÙŠØ¯ÙŠÙˆØºØ±Ø§Ù,4568783,85500,2757
Ù…ØµØ±ÙŠ ÙÙŠ ØªÙ„ Ø§Ø¨ÙŠØ¨ ÙŠÙˆÙ… Ù¦Ø§ÙƒØªÙˆØ¨Ø± ÙˆØ§Ø®Ø·Ø± Ø­ÙŠ Ù„Ù„ÙŠÙ‡ÙˆØ¯ ÙÙŠ Ø§Ù„Ù‚Ø¯Ø³,Akrab Vlogs,2706389,40426,6180
Ù…ØµØ±ÙŠ ÙÙŠ ÙÙ„Ø³Ø·ÙŠÙ† Ø§Ù„Ù‚Ø¯Ø³| ÙˆÙ‚Øª Ø·ÙˆÙØ§Ù† Ø§Ù„Ø£Ù‚ØµÙ‰,Akrab Vlogs,1537607,37359,2797
Ø£Ø²Ø§ÙŠ Ø§Ù„Ø´Ø¨Ø§Ø¨ Ø§Ù„ÙÙ„Ø³Ø·ÙŠÙ†ÙŠ Ø¨ÙŠØ¶Ø­Ùƒ Ø¹Ù„Ù‰ Ø§Ù„ÙŠÙ‡ÙˆØ¯ğŸ˜® Ø­Ø±ÙƒØ© Ù…Ø¬Ù†ÙˆÙ†Ø©ğŸ¤¯ğŸ¤¯ğŸ˜‚#Ù…ØµØ± #Ø§ÙƒØ³Ø¨Ù„ÙˆØ± #Ø§Ù„Ù‚Ø¯Ø³ #ÙÙ„Ø³Ø·ÙŠÙ† #,Ahmed Elbadawy,1238313,69753,906
Who Owns Jerusalem?,IQlogy,2251157,36845,634
Ø£Ù†Ø´ÙˆØ¯Ø© Ø±Ø¯Ø¯ÙŠ ÙŠØ§Ø¬Ø¨Ø§Ù„ Ø¥Ù†Ø´Ø§Ø¯ / Ù‡Ø§Ø¬Ø± Ø¹Ù…Ø±  #Ø§Ù„Ù‚Ø¯Ø³  #ÙÙ„Ø³Ø·ÙŠÙ†  #Ø·ÙˆÙØ§Ù†_Ø§Ù„Ø§Ù‚ØµÙ‰  #ØºØ²Ø©,Hagar Omar - Ù‡Ø§Ø¬Ø± Ø¹Ù…Ø±,1063302,11225,928
Ø§Ù„Ù‚Ø³Ø§Ù… ÙˆØ³Ø±Ø§ÙŠØ§ Ø§Ù„Ù‚Ø¯Ø³ ØªØ³ØªÙ‡Ø¯ÙØ§Ù† Ù‚ÙˆØ© Ø¥Ø³Ø±Ø§Ø¦ÙŠÙ„ÙŠØ© Ø¬Ù†ÙˆØ¨ Ø®Ø§Ù† ÙŠÙˆÙ†Ø³,AlJazeera Arabic  Ù‚Ù†Ø§Ø© Ø§Ù„Ø¬Ø²ÙŠØ±Ø©,1645822,21541,76
Ø£Ù†Ø´ÙˆØ¯Ø© Ù„Ø¨ÙŠÙƒ Ø¥Ø³Ù„Ø§Ù… Ø§Ù„Ø¨Ø·ÙˆÙ„Ø© ÙƒÙ„Ù†Ø§ Ù†ÙØ¯ÙŠ Ø§Ù„Ø­Ù…Ø§ Ø¥Ù†Ø´Ø§Ø¯ Ù‡Ø§Ø¬Ø± Ø¹Ù…Ø± #Ø§Ù„Ù‚Ø¯Ø³ #ÙÙ„Ø³Ø·ÙŠÙ† #Ø·ÙˆÙØ§Ù†_Ø§Ù„Ø§Ù‚ØµÙ‰ #ØºØ²Ù‡,Hagar Omar - Ù‡Ø§Ø¬Ø± Ø¹Ù…Ø±,638529,10023,926
ÙŠÙ‡ÙˆØ¯ Ø­Ø§Ø±Ø¨Ùˆ Ø¥Ø³Ø±Ø§Ø¦ÙŠÙ„ Ù…Ù† Ø£Ø¬Ù„ ÙÙ„Ø³Ø·ÙŠÙ†,Ø§Ù„Ù…ÙˆØ§Ø·Ù† Ø³Ø¹ÙŠØ¯,626889,20076,1500
ÙƒÙŠÙ ØªÙ…Øª Ø¹Ù…Ù„ÙŠØ© Ø¥Ø·Ù„Ø§Ù‚ Ø§Ù„Ù†Ø§Ø± ÙÙŠ Ù…Ø¯ÙŠÙ†Ø© Ø§Ù„Ù‚Ø¯Ø³ØŸ,AlJazeera Arabic  Ù‚Ù†Ø§Ø© Ø§Ù„Ø¬Ø²ÙŠØ±Ø©,615073,11847,1411
Ø§Ù„Ù…Ø³Ø¬Ø¯ Ø§Ù„Ø§Ù‚ØµÙ‰ Ø§Ù„Ø­Ù‚ÙŠÙ‚ÙŠğŸ¤¯ğŸ‡µğŸ‡¸ğŸ˜ #Ø§ÙƒØ³Ø¨Ù„ÙˆØ± #Ù…ØµØ± #ÙÙ„Ø³Ø·ÙŠÙ† #Ø§Ù„Ù‚Ø¯Ø³,Ahmed Elbadawy,628765,29287,446
Ø®Ø±Ø§Ø¦Ø· Ø¬Ø¯ÙŠØ¯Ø© ØªÙØ±Ø³Ù… Ø¨Ø§Ù„Ù†Ø§Ø±.. Ù‡Ù„ Ù†Ø¬Ø­ Ø§Ù„Ø§Ø­ØªÙ„Ø§Ù„ ÙÙŠ Ù‡Ø²ÙŠÙ…ØªÙ†Ø§ØŸ | Ø·Ø§Ø±Ù‚ Ø®Ù…ÙŠØ³ | Ø¬Ø³Ø± Ø¨ÙˆØ¯ÙƒØ§Ø³Øª,Ø³Ù…Ø§ Ø§Ù„Ù‚Ø¯Ø³,552429,14330,1161
"Ù…Ø§ Ø­Ø¯Ø« Ø£Ø«Ù†Ø§Ø¡ ØµÙ„Ø§Ø© Ø§Ù„Ø¬Ù…Ø¹Ø© ÙÙŠ Ø§Ù„Ù…Ø³Ø¬Ø¯ Ø§Ù„Ø£Ù‚ØµÙ‰ ØµØ¯Ù… Ø§Ù„Ø¬Ù…ÙŠØ¹! ğŸ˜± \"Ø¥Ù† Ø±Ø¨Ùƒ Ù„Ø¨Ø§Ù„Ù…Ø±ØµØ§Ø¯\" ØªØ¬Ù„Ù‘Øª Ø£Ù…Ø§Ù… Ø§Ù„Ø¹ÙŠÙˆÙ†!",Ø¹Ø¨Ø¯Ùˆ Ø´Ø­ÙˆØ¯ abdo shahoudâ€™,546658,17320,2160
Ø§Ø¬Ù…Ù„ Ø¬ÙˆÙ„Ø© ÙÙŠ Ø§Ù„Ø¹Ø§Ù„Ù… Ø¯Ø§Ø®Ù„ Ù…Ø¯ÙŠÙ†Ø© Ø§Ù„Ù‚Ø¯Ø³,Hamzeh Afghani,466353,6563,690
ÙˆÙŠÙ† Ø§Ù„Ù…Ù„Ø§ÙŠÙŠÙ† ØŸ! Ø§Ù„Ø´Ø±Ù Ø§Ù„Ø¹Ø±Ø¨ÙŠ ÙˆÙŠÙ† ØŸ! / Ù‡Ø§Ø¬Ø± Ø¹Ù…Ø±   #Ø§Ù„Ù‚Ø¯Ø³  #ÙÙ„Ø³Ø·ÙŠÙ†  #Ø·ÙˆÙØ§Ù†_Ø§Ù„Ø§Ù‚ØµÙ‰  #Ø·ÙˆÙØ§Ù†_Ø§Ù„Ø§Ù‚ØµÙ‰  #ØºØ²Ù‡,Hagar Omar - Ù‡Ø§Ø¬Ø± Ø¹Ù…Ø±,383804,4510,412
Ù‡Ù„ ÙƒÙ„Ø§Ù… Ø¬ÙŠÙƒ ØµØ­ÙŠØ­â”#Ø§Ù„Ø¹Ø±Ø¨ #ØºØ²Ø© #Ø§Ù„Ù‚Ø¯Ø³ #ÙÙ„Ø³Ø·ÙŠÙ† #Ø³Ø¹ÙˆØ¯ÙŠØ© #Ø§Ù„Ø¹Ø±Ø§Ù‚ #Ø§Ù„Ø§Ø±Ø¯Ù† #Ù…ØµØ±,Ø§ØªØ­Ø§Ø¯ Ø§Ù„Ø¹Ø±Ø¨ÙŠ,687185,16567,286
Ø³ÙˆÙ Ù†Ø¨Ù‚Ù‰ Ù‡Ù†Ø§ ( Ù…ÙˆØ·Ù†ÙŠ Ù…ÙˆØ·Ù†ÙŠ ) Ù‡Ø§Ø¬Ø± Ø¹Ù…Ø±  #Ø§Ù„Ù‚Ø¯Ø³  #ÙÙ„Ø³Ø·ÙŠÙ†  #Ø·ÙˆÙØ§Ù†_Ø§Ù„Ø§Ù‚ØµÙ‰ #ØºØ²Ù‡,Hagar Omar - Ù‡Ø§Ø¬Ø± Ø¹Ù…Ø±,241184,3862,371
Ø³ØªØ¨Ù‚Ù‰ Ø§Ù„Ù‚Ø¯Ø³ #Ø£Ø±Ø¶ÙŠ Ù‡Ù…Ø§ Ø§Ø­ØªÙ„ÙˆÙ‡Ø§ ğŸ‡µğŸ‡¸ #ÙÙ„Ø³Ø·ÙŠÙ†,Ø§ÙŠÙ„ÙŠÙ† ÙˆØ³ÙˆØ§Ø±,400790,5651,0
Ø£Ù†Ø§ ÙƒØ£ÙÙŠØ®Ø§ÙŠ .. Ø§Ù†Ø¨Ø³Ø·Øª | #Ø§Ù„Ù‚Ø¯Ø³ #ÙÙ„Ø³Ø·ÙŠÙ† #ØºØ²Ø© #Ø·ÙˆÙØ§Ù†_Ø§Ù„Ø£Ù‚ØµÙ‰,Egyptoon Ø§ÙŠØ¬ÙŠØ¨ØªÙˆÙ†,197126,9054,251
ÙÙ„Ø³Ø·ÙŠÙ† Ø§Ù„Ù…Ø­ØªÙ„Ø©ğŸ‡µğŸ‡¸ #Ø§ÙƒØ³Ø¨Ù„ÙˆØ± #Ø§Ù„Ù‚Ø¯Ø³ #ÙÙ„Ø³Ø·ÙŠÙ†,Amjad Abu Yasin,171986,7662,410
Ø¹ÙŠÙ† ÙƒØ§Ø±Ù… | Ø£Ø¬Ù…Ù„  Ù‚Ø±ÙŠØ© ÙÙŠ Ø§Ù„Ù‚Ø¯Ø³ - ÙÙ„Ø³Ø·ÙŠÙ† ğŸ’™ Ein karam |The most beautiful village in Jerusalem,Saeb Barakat  Ø¯.ØµØ§Ø¦Ø¨ Ø¨Ø±ÙƒØ§Øª,141148,810,67
Ø£Ù†Ø´ÙˆØ¯Ø© ÙÙ„Ø³Ø·ÙŠÙ†ÙŠ ( ÙÙ„Ø³Ø·ÙŠÙ†ÙŠ ÙÙ„Ø³Ø·ÙŠÙ†ÙŠ ) Ø¥Ù†Ø´Ø§Ø¯ Ù‡Ø§Ø¬Ø± Ø¹Ù…Ø± #Ø§Ù„Ù‚Ø¯Ø³  #ÙÙ„Ø³Ø·ÙŠÙ† #Ø·ÙˆÙØ§Ù†_Ø§Ù„Ø§Ù‚ØµÙ‰  #ØºØ²Ù‡,Hagar Omar - Ù‡Ø§Ø¬Ø± Ø¹Ù…Ø±,133834,2620,292
Ù…Ø§ Ù„Ø§ ØªØ¹Ø±ÙÙ‡ Ø¹Ù† Ø¨Ø§Ø¨ Ø§Ù„Ø®Ù„ÙŠÙ„ ÙÙŠ Ø§Ù„Ù‚Ø¯Ø³-ÙÙ„Ø³Ø·ÙŠÙ† | Ù‚Ù„Ø¹Ø© Ø§Ù„Ù†Ø¨ÙŠ Ø¯Ø§ÙˆÙˆØ¯,Saeb Barakat  Ø¯.ØµØ§Ø¦Ø¨ Ø¨Ø±ÙƒØ§Øª,317628,28790,102
masjid Al Aqsa aerial view Jerusalem Palestine,Maila Vlogs1,271064,8552,90
"Ø¥Ø¯Ø§Ù†Ø© Ø£Ù…Ù…ÙŠØ© ÙˆØ§Ø³Ø¹Ø©: Ø¥Ø³Ø±Ø§Ø¦ÙŠÙ„ ØªØ³ØªÙ‡Ø¯Ù Ù…Ù‚Ø±Ø§Ù‹ Ù„Ù€ \"Ø§Ù„Ø£ÙˆÙ†Ø±ÙˆØ§\" ÙÙŠ Ø§Ù„Ù‚Ø¯Ø³ Ø§Ù„Ø´Ø±Ù‚ÙŠØ©",pulse 24 Ø¹Ø±Ø¨ÙŠ,251630,309,5
Ù…Ø§ Ø£Ø­Ù„Ù‰ Ø§Ù„Ø¯Ù‘Ø¹ÙÙ… Ù„ÙÙ„Ø³Ø·ÙŠÙ†â¤ï¸ğŸ‡µğŸ‡¸  #gazaunderattack #Ø¹Ø±Ø¨ #ÙÙ„Ø³Ø·ÙŠÙ† #Ø§Ù„Ù‚Ø¯Ø³ #Ø¶Ø­Ùƒ #palestine #palestina,Abu Elhabal,216386,1921,16
Ù‡Ø°Ù‡ Ù„ÙŠØ³Øª Ù…Ù‡Ø§Ø±Ø© Ø§Ù†Ù…Ø§ Ù…ÙƒØ± ÙƒØ±ÙˆÙŠ #Ø§Ù„Ø¬Ø²Ø§Ø¦Ø± #Ø§Ù„Ù‚Ø¯Ø³ #ÙÙ„Ø³Ø·ÙŠÙ†,Ù‚Ù†Ø§Ø© Ù…Ø²Ù…ÙˆØ²Ø© Ø§Ù„ØªØ¹Ù„ÙŠÙ…ÙŠØ©,176804,239,14
Ù…ØµØ§Ù†Ø¹ Ø´ØºØ§Ù„Ø© Ø§Ù„Ù‡Ù… ØªØ¶Ø® Ø§Ù„Ù…Ù„ÙŠØ§Ø±Ø§ØªğŸ˜” #Ø§Ù„Ù‚Ø¯Ø³ #ÙÙ„Ø³Ø·ÙŠÙ† #ØºØ²Ø© #Ø´ÙˆØ±Øª,Ù…ÙˆØ³Ù‰ Ø§Ù„Ù‡ÙˆØ¨ÙŠ -  Mosa,165561,21006,1799
Ù…Ø³Ø¬Ø¯ Ø¹Ù…Ø± Ø§Ø¨Ù† Ø§Ù„Ø®Ø·Ø§Ø¨ ÙÙŠ Ø§Ù„Ù‚Ø¯Ø³- ÙÙ„Ø³Ø·ÙŠÙ†  | Ø¨ÙØ¹Ù’Ø¯Â Ù†Ø¸Ø± Ø³ÙŠØ¯Ù†Ø§ Ø¹Ù…Ø± Ø¨Ù† Ø§Ù„Ø®Ø·Ø§Ø¨,Saeb Barakat  Ø¯.ØµØ§Ø¦Ø¨ Ø¨Ø±ÙƒØ§Øª,65995,784,50
Ø±Ø³Ù…Ø© ØµØ§Ù„Ø­Ø© Ø§Ù„Ø¬Ø¹ÙØ±Ø§ÙˆÙŠ Ø¨Ø§Ù„ØªÙŠÙ† Ø§Ù„Ø´ÙˆÙƒÙŠ #Ø§Ù„Ù‚Ø¯Ø³ #ÙÙ„Ø³Ø·ÙŠÙ†#ØºØ²Ø©#ØµØ§Ù„Ø­_Ø§Ù„Ø¬Ø¹ÙØ±Ø§ÙˆÙŠ#Ø±Ø³Ù…Ø©#Ø±Ø³Ù…,Sarah Odeh,82051,3723,141
Ø§ØºÙ†ÙŠØ© ÙƒØ¨Ø´ Ø§Ù„Ø¹ÙŠØ¯ Ø¨  Ù…Ù„Ø§ÙŠÙ†Ø§Ø±Ø¨Ø¹Ø© Ø§Ø±Ø¨Ø¹Ø© Ù…Ù„Ø§ÙŠÙ† #Ø§Ù„Ø¬Ø²Ø§Ø¦Ø± #Ø§Ù„Ù‚Ø¯Ø³ #ÙÙ„Ø³Ø·ÙŠÙ† #Ø§Ù†Ø´ÙˆØ¯Ø©,Ù‚Ù†Ø§Ø© Ù…Ø²Ù…ÙˆØ²Ø© Ø§Ù„ØªØ¹Ù„ÙŠÙ…ÙŠØ©,169843,1428,10
ÙÙ„Ø³Ù€GAZAÙ€Ø·ÙŠÙ† #Ø§Ù„Ù‚Ø¯Ø³ #ÙÙ„Ø³Ø·ÙŠÙ†,Amir Ai Dz,58581,2652,18
Ø£Ø«Ù†Ø§Ø¡ ØªØ³Ø¬ÙŠÙ„ Ø£Ù†Ø´ÙˆØ¯Ø© Ø£Ù†Ø§ Ø«Ø§Ø¦Ø±  ( Ù‡Ø§Ø¬Ø± Ø¹Ù…Ø± ) #Ø·ÙˆÙØ§Ù†_Ø§Ù„Ø§Ù‚ØµÙ‰  #Ø§Ù„Ù‚Ø¯Ø³  #ÙÙ„Ø³Ø·ÙŠÙ†  #ØºØ²Ù‡,Hagar Omar - Ù‡Ø§Ø¬Ø± Ø¹Ù…Ø±,52798,1236,161
Ø§Ù„Ù„Ù‡Ù… Ø²Ø¯ ÙˆØ¨Ø§Ø±ÙƒğŸ˜‰ğŸ‡µğŸ‡¸â¤ï¸ #Ø§Ù„Ù‚Ø¯Ø³ #ÙÙ„Ø³Ø·ÙŠÙ† #Ø§ÙƒØ³Ø¨Ù„ÙˆØ± #Ø§Ø´ØªØ±Ø§Ùƒ #Ø¥Ø³Ø±Ø§Ø¦ÙŠÙ„ #reels #explore #ØªØ±Ù†Ø¯ #Ø­Ø§Ø¯Ø«,Ayham TikØ£ÙŠÙ‡Ù… ØªÙƒ,106935,9610,550
Ø§Ù†Ø§ Ø¯Ù…ÙŠ ÙÙ„Ø³Ø·ÙŠÙ†ÙŠ ğŸ‡µğŸ‡¸ #palestine  #Ø§Ù„Ù‚Ø¯Ø³  #ÙÙ„Ø³Ø·ÙŠÙ† #shortvideo,Ø­Ù„ÙˆØ´Ø©Cute,52428,1793,153
"#Ø§Ù„Ù‚Ø¯Ø³_Ø¹Ø§ØµÙ…Ø©_ÙÙ„Ø³Ø·ÙŠÙ†_Ø§Ù„Ø£Ø¨Ø¯ÙŠØ© Ø§Ù„Ù‚Ø¯Ø³ Ù„Ù†Ø§â™¥ï¸âœŠğŸ»ğŸ•‹#ÙÙ„Ø³Ø·ÙŠÙ†_ØªÙ†ØªÙØ¶ #ÙÙ„Ø³Ø·ÙŠÙ† #ÙÙ„Ø³Ø·ÙŠÙ†_Ø­Ø±Ø©",MoshağŸ¤©ğŸ¡,117074,644,6
ÙØ±Ø­Ø© Ø§Ù„ÙÙ„Ø³Ø·ÙŠÙ†ÙŠÙ† Ù…Ù† Ø§Ù„Ù…Ø³Ø¬Ø¯ Ø§Ù„Ø§Ù‚ØµÙ‰ Ø¨Ø§Ù†ØªÙ‡Ø§Ø¡ Ø§Ù„Ø­Ø±Ø¨ â¤ï¸ #Ø§Ù„Ù‚Ø¯Ø³ #ØºØ²Ø© #ÙÙ„Ø³Ø·ÙŠÙ† #Ø³ÙˆØ±ÙŠØ§ #ØªØ±Ù†Ø¯ #Ø§ÙƒØ³Ø¨Ù„ÙˆØ± #ØªÙŠÙƒ_ØªÙˆÙƒ,XerjoffO,46700,3593,141
First responder cradling baby in Gaza ambulance breaks down in tears,The Australian,37967987,472019,3334
Saudi FM hits back at reporterâ€™s Gaza refugee question,TRT World,20146942,734636,37971
Palestinians in Gaza Hold Funeral for Hamas Political Official | VOA News,Voice of America,19329381,1018247,23288
Una niÃ±a de #Gaza destrozada por la muerte de su madre y su familia,El Mundo,9798547,339464,27927
Joven graba paso a paso el terror que se viviÃ³ en el festival de mÃºsica en Israel #short,El Universal,8878256,291709,12030
Gaza girl cries seeing journalist who resembles her father | AJ #shorts,Al Jazeera English,7795542,394637,15948
NiÃ±a en #Gaza pide salvar a sus padres primero #shorts,AJ+ EspaÃ±ol,6055900,351586,13981
Crimen de guerra israelÃ­: FÃ³sforo blanco,AJ+ EspaÃ±ol,5227927,166661,25108
'I want to die' - a Palestinian child in Gaza says due to war,TRT World,5063989,212369,16255
GUERRA EN ISRAEL | Hallan mÃ¡s de 200 cuerpos en zona de festival israelÃ­; hay varios desaparecidos,Azteca Noticias,3616124,81124,6310
Milei hablo de la Guerra entre Israel e IrÃ¡n #mileipresidente Milei Presidente,La Batalla Cultural,5979611,175557,5254
Â¿DÃ³nde estÃ¡n los paÃ­ses Ã¡rabes?: reclama niÃ±a de Gaza #shorts,AJ+ EspaÃ±ol,2706148,112755,16279
Â¿QuÃ© es la â€œFranja de Gazaâ€? #shorts,Chris Torres,2124727,94796,4540
Pierde a su familia mientras salÃ­a por comida en Gaza #shorts,AJ+ EspaÃ±ol,1891961,73483,10369
Trauma en Oriente Medio: el terrorismo de HamÃ¡s y la guerra de Israel en Gaza | DW Documental,DW Documental,1834600,20049,5169
Â¿CÃ³mo entender el conflicto Israelâ€“Palestina?,CuriosaMente,1662631,69515,4892
Israel y Palestina: el conflicto sin fin - Documental Completo,Historia Critica,1512249,25925,1836
Â¿Por quÃ© Israel y Palestina estÃ¡n en GUERRA?ğŸ‘‰ Parte 1,BATTLE GUNS,1534548,48125,1640
Â¡Impactante! Ataque de cohetes en el norte de Israel y Iron Dome ğŸš€ğŸ›¡ï¸,Israel Avia,1701775,29764,1938
La verdadera razÃ³n por la que Israel detuvo la guerra con IrÃ¡n,Profesor,3082708,41492,416
El Profeta ZACARÃAS PREDIJO la GUERRA de ISRAEL contra GAZA,Relatos de Dios,1273983,26362,2295
Israel ataca a niÃ±os que vuelan cometas en Gaza #Shorts,AJ+ EspaÃ±ol,1108475,32138,5071
Israel bombardea campamento de desplazados en Gaza - N+ #Shorts,NMÃ¡s,1326434,35557,4218
Hamas attacca Israele dalla Striscia di Gaza: perchÃ© una nuova guerra in Palestina e cosa succede,Geopop,1074229,71274,2993
Israel detiene a mujer palestina por estado de WhatsApp,AJ+ EspaÃ±ol,1070357,24715,6473
ğŸ‡µğŸ‡¸ Pro Palestinian Crowd Protesting Zara,Little Bit of Everything,39631978,1262683,37702
"Indonesia, Palestina, atau Israelâ—Kelas 4 #shorts",SD Negeri 03 Batursari,29542212,1480393,6614
KERETA API VS TELUR PALESTINA & TELUR ISRAEL  #shorts #keretaapi #palestine #israel #viralvideo,Business 33,33119807,1907774,4022
Kalo kalian pilih palestina atau israel??,Abil AB Channel,24568872,320147,1284
MACAN PALESTINA DI BANTU INDONESIA MENGALAHKAN ISRAEL #savepalestina #freepalestine #shortvideo,SINGO OTRAHUM,24615954,348098,589
Bocil PALESTINAğŸ‡µğŸ‡¸ğŸ‡µğŸ‡¸ Melawan Israel  #sakuraschoolsimulator #savepalestine #sakubers,It's Me Tadin,19935038,742795,8730
MACAN PALESTINA BERSATU MELAWA ISRAEL #shorts,SINGO OTRAHUM,34239031,198139,60
"\"ğŸ‰ WAR IS OVER: Gaza & Palestine Rejoice! Unbelievable Moment of Hope! ğŸŒâœ¨\" #shorts #happy #gaza",islam,39917177,567308,19911
100 Bendera Palestina Berkibar Bikin Isr4el Auto Melongo ğŸ¤£,Dhan Cool,13388020,484557,21636
KENAPASIH ISRAEL JAHAT TERUS SAMA PALESTINAğŸ¥ºğŸ‰ğŸ‡µğŸ‡¸,TiaraTv_,13068270,153889,665
â€œWho Was There: Palestine and Israel?â€ #SOC119 #Palestine #Israel #Land #LandOwnership #WhosRight,SOC 119,12792529,307651,18260
Ronaldo menolak Israel dan membela Palestina,SUZYY67,12595317,708196,5111
Israel Ingin Indonesia Tidak Ikut Campur Soal Palestina ğŸ”¥,Dhan Cool,12318409,374937,14880
Palestina Merdeka Bikin Pasukan Israel Auto Melongo ğŸ¤£,Dhan Cool,11924460,348105,2529
Kalian Dukung Palestina atau Israel?,Arfandi Moko,11366147,1170771,12761
Remaja Palestina ini bangga dengan negara ini #palestina #gaza #indonesia #faktadunia #infodunia,Muslim Pulse,12479464,0,9076
akibat minta bantuan dengan berkata kasar ğŸ¤• | Sakura School Simulator PalestinağŸ‡µğŸ‡¸ IsraelğŸ‡®ğŸ‡±,It's Naofi,14302996,242260,6197
Yuta Indonesia Cinta Palestina #sakuraschoolsimulator #palestine #palestina,Cerita Tallis,11048770,248866,624
"IsraÃ«l - Palestine, 60 ans de violence",Investigation,9303184,71264,11596
KASIHAN KUCING PALESTINA DI FITNAH KUCING ISRAEL PART 2 DAN KEBENARAN TERUNGKAP,TEBAK GAMBAR IDN,10274781,145047,176
Bendera PalestinağŸ‡µğŸ‡¸ VS Bendera IsraelğŸ‡®ğŸ‡± bendera apalagi komen#fypã‚·ã‚šviral #shortvideo #freepalestine,Sektsa Draw Vaniii,9055095,369781,5765
Kemerdekaan Palestina didukung oleh AnyağŸ‡µğŸ‡¸ğŸ˜‡#sakuraschoolsimulator #sakura #shorts,ğŸ¥œğ€ğ§ğ²ğš ğ‚ğ¡ğšğ§ğŸ¥œ,11805242,319486,5910
Mengganti bendera Israel menjadi bendera Malaysia di minicraft #minecraft #malaysia #palestina,animasi official,10042028,0,5344
Israel Special Forces: the Elite Army Unit (Golani Brigade),Best Documentary,7355059,70945,9236
KOREA VS PALESTINA VS JEPANG VS INDONESIA VS ISRAEL VS AMERIKA VERSI KERETA API #viralvideo #shorts,Business 33,9105871,207024,635
Israel Palestine War : à¤²à¤‚à¤¬à¥‡ à¤¯à¥à¤¦à¥à¤§ à¤•à¥€ à¤¤à¥ˆà¤¯à¤¾à¤°à¥€ à¤•à¤° à¤°à¤¹à¤¾ à¤¹à¥ˆ à¤‡à¤œà¤°à¤¾à¤‡à¤² | Netanyahu | Iran | Biden | #tv9shorts,TV9 Bharatvarsh,6439508,100924,1194
FROM THE RIVER TO THE SEA - um filme sobre a guerra em Israel (LEG E DUBLAGEM DISPONÃVEIS),Brasil Paralelo,5667509,320698,13476
mengganti bendera Israel menjadi bendera temannya palestina #palestina #savepalestine #minicraft,animasi official,5369614,223292,1883
JANGAN GANGGU PALESTINA ğŸ˜¡ #countryballs #palestine #israel,Blo_didy,6163633,181971,4505
Indonesia ğŸ‡®ğŸ‡© dukung Palestina ğŸ‡µğŸ‡¸ â€¢ Sakura School â€¢ #sakuraschoolsimulator #sss #palestina #shorts,Ajays27Channel,5425580,194938,5619
Hamas Lesatkan Roket Pakai Tumpukan Bata,Serambinews,5595679,137389,1755
'Our Genocide': How do Israelis feel about the war in Gaza? | On the Ground,The Guardian,4703628,137301,10899
israel tidak bisa tidurğŸ¤£ #cartoon #animation #upinipin #kartun #palestina,inoo,10434354,54331,82
Â¿CÃ³mo empezÃ³ el conflicto entre Israel y Palestina? ğŸ‡®ğŸ‡±ğŸ‡µğŸ‡¸ #curiosidades #historia #israel #palestinal,HistoSapiens,10298648,167625,2840
A short story of the history of Israel and Palestine up to now...(war 2024) #israel #palestine #map,MahdiArdi,5128369,209467,14790
Entenda o conflito de Israel e Palestina,Plano Piloto,4260794,208621,10755
Blak-blakan! Rizieq Minta Prabowo Buka Pendaftaran Pemuda Jihad Ke Palestina #merdekadotcom,MerdekaDotCom,4174498,64138,20010
Respect untuk atlet saudi#palestina #indonesiapalestina #infodunia #faktadunia #infounik #info #iran,Muslim Pulse,4082383,76576,476
Dave Unmasks Bill Maherâ€¼ï¸ğŸ”¥ğŸ”¥ #usa #israel #palestine #politics #congress #news #uk #comedy #lol,Breezy Politics,6717850,249170,11056
Senjata Aneh Palestina Hancurkan Isra3l,Arsip Mafia,5610078,98353,1123
Israeli officers humiliate Palestinians in Megiddo prison | AJ #shorts,Al Jazeera English,4392745,58074,11558
Mio Berhati Mulia  #sakuraschoolsimulator #palestina,Cerita Tallis,4403263,86736,310
La verdadera historia del conflicto entre Israel y Palestina,NÃ©stor Armando Alzate - Y lÃ³gico,3130133,136744,12620
"10 Negara Ini Tolak Palestina Merdeka di Majelis Umum PBB, Ada Tetangga RI Papua Nugini hingga AS",Tribunnews,11478790,20593,2697
ISRAEL VS PALESTINE ğŸ‡®ğŸ‡±ğŸ‡µğŸ‡¸  #countryhumans,StateHuman,3275850,123693,6214
Palestina akan merdeka dan pasti menang melawan Israel!ğŸ‡µğŸ‡¸âš”ï¸ğŸ‡®ğŸ‡± || #savepalestine #palestina #israel,It's Naofi,2850260,116834,4736
"Ribuan Tentara Israel Tewas Dibantai Pejuang Palestina, Terjebak Bom & Dibunuh Prajuritnya Sendiri",Tribunnews,9663014,42851,1338
Anak PalestinağŸ‡µğŸ‡¸ melawan IsraelğŸ‡®ğŸ‡± dan tibalah bantuan dari IndonesiağŸ‡®ğŸ‡© untuk PalestinağŸ‡µğŸ‡¸âœ¨ğŸ¤²ğŸ»,It's Naofi,3826708,92487,4475
Le ragioni storiche della questione israelo-palestinese. PerchÃ© si fanno la guerra? La spiegazione,Geopop,2664139,98131,4556
Pulang dari Israel Murtadhin hebat ini Bongkarr Fakta Israel dan Palestina,Ekker Saogo,2663325,33106,10564
"China envÃ­a ayuda a Gaza, en medio de los conflictos entre Israel e IrÃ¡ ğŸ“¹: @POLITIKMNTE",BCT Neus,33708700,425689,14619
Firma para pedir el fin del intercambio de armas destinadas al conflicto de Gaza.,Save the Children EspaÃ±a,7401571,702,0
Es muy difÃ­cil posicionarse en el conflicto Israel-Palestina,The Wild Project,5592292,210512,8021
âœ… El CONFLICTO entre IRÃN e ISRAEL resumido en 15 minutos | Â¿QuÃ© estÃ¡ pasando entre IRÃN e ISRAEL?,Memorias de Pez,5509422,96494,4870
Crimen de guerra israelÃ­: FÃ³sforo blanco,AJ+ EspaÃ±ol,5227927,166661,25108
Â¿CÃ³mo empezÃ³ el conflicto entre Israel y Palestina? ğŸ‡®ğŸ‡±ğŸ‡µğŸ‡¸ #curiosidades #historia #israel #palestinal,HistoSapiens,10298648,167625,2840
Â¿Por quÃ© llora la guerrera israelÃ­? ğŸ’ªğŸ‡®ğŸ‡±ğŸ˜±,Israel Avia,7416866,75740,5374
La verdadera historia del conflicto entre Israel y Palestina,NÃ©stor Armando Alzate - Y lÃ³gico,3130146,136744,12620
Â¿DÃ³nde estÃ¡n los paÃ­ses Ã¡rabes?: reclama niÃ±a de Gaza #shorts,AJ+ EspaÃ±ol,2706148,112755,16279
âœ… El CONFLICTO entre EE.UU. ISRAEL e IRÃN resumido en 15 minutos | Â¿QuÃ© estÃ¡ pasando? ACTUALIZADO,Memorias de Pez,2275639,48864,1374
Â¿QuÃ© es la â€œFranja de Gazaâ€? #shorts,Chris Torres,2124727,94796,4540
"IsraÃ«l, Palestine : la Guerre des Six Jours",Investigation,2046054,16145,2089
Por esta razÃ³n es difÃ­cil una paz entre Israel y Palestina,Chris Torres,2370179,116574,6289
Â¡PalestinağŸ‡µğŸ‡¸ NO estÃ¡ en guerra con ISRAEL! ğŸ‡®ğŸ‡±ğŸ”¥ - El Mapa de Sebas #shorts,El Mapa de Sebas,1951051,85276,4685
Israel vs. Palestina Â¿QuiÃ©nes son los buenos? - @SoloFonseca,Solo Fonseca,1879645,105128,11365
What happens to Gaza After Hamas is Destroyed?,Charlie Kirk,1924356,86960,5080
Trauma en Oriente Medio: el terrorismo de HamÃ¡s y la guerra de Israel en Gaza | DW Documental,DW Documental,1834600,20049,5169
Â¿CÃ³mo entender el conflicto Israelâ€“Palestina?,CuriosaMente,1662631,69515,4892
âš ï¸Las 5 CLAVES del conflicto entre ISRAEL y PALESTINAâš ï¸ | Â¿QuÃ© va a pasar?,Memorias de Pez,1588336,50023,1963
"La historia de la Franja de Gaza: \"la mayor cÃ¡rcel al aire libreâ€ del mundo para los palestinos",BBC News Mundo,1517238,32662,2824
Israel y Palestina: el conflicto sin fin - Documental Completo,Historia Critica,1512249,25925,1836
Â¿Por quÃ© Israel y Palestina estÃ¡n en GUERRA?ğŸ‘‰ Parte 1,BATTLE GUNS,1534548,48125,1640
Â¡Impactante! Ataque de cohetes en el norte de Israel y Iron Dome ğŸš€ğŸ›¡ï¸,Israel Avia,1701775,29764,1938
Israel da 24 horas para abandonar la Franja de Gaza,DW EspaÃ±ol,1532551,39591,6526
ASÃ EMPEZÃ“ EN CONFLICTO ENTRE ISRAEL Y PALESTINA - Periodista cuenta el inicio de todo,The Wild Project,1025768,26109,1844
"NiÃ±a palestina carga a hermana herida en Gaza tras accidente, captado por periodista Alaa Hamouda.",Azteca Noticias,1358369,47935,3460
Â¿De dÃ³nde nace el conflicto entre Israel y Palestina?,The Wild Project,1067778,44437,2059
Por quÃ© Gaza es solo una batalla y el gran objetivo de Israel estÃ¡ en Cisjordania,El Confidencial,959007,16539,4541
"NiÃ±o de Gaza pide paz al mundo, su emotivo mensaje conmueve y clama fin del conflicto #PazParaGaza",Cepillo PolÃ­tico,1999120,49646,1827
Dr. Armando Alducin - Â¿QuÃ© significa el actual conflicto entre Israel e IrÃ¡n?,enlacetv,837232,22889,3314
Â¿Estamos ante el principio del fin del CONFLICTO ÃRABE-ISRAELÃ? - @SoloFonseca,Solo Fonseca,833096,45735,3842
Â¡OTRA MASACR3 EN GAZA! | Israel ataca campo de refugiados en Jabalia,Azteca Noticias,865840,24064,5789
ULTIMA HORA | LO PEOR QUE FALTABA: JEQUES ARABES ENTRAN AL CONFLICTO EN MEDIO ORIENTE | TheMXFam,The Mexican Family,819385,31227,1743
"Israel bombardeÃ³ Yemen, LÃ­bano, Siria y Palestina al mismo tiempo #shorts",AJ+ EspaÃ±ol,782138,27205,6107
CONFLICTO ISRAEL y PALESTINA | Comprender cÃ³mo empezÃ³ la guerra | Draw My Life,TikTak Draw,768563,15427,2329
Pope Francis on conflict in Israel and Gaza #shorts,60 Minutes,952209,35288,2262
JudÃ­os y Palestinos: raÃ­ces de un conflicto eterno,Juan Miguel Zunzunegui,732878,35799,3873
La historia de PALESTINA,Resumiendo Cultura,701532,17107,2443
ğŸŸ£ HamÃ¡s inicia campaÃ±a de represiÃ³n para recuperar el control en Gaza,DW EspaÃ±ol,655394,8856,3125
GAZA estÃ¡ AL BORDE de una GUERRA CIVIL: HAMÃS caza CLANES RIVALES y desata el TERROR @VisualPolitik,VisualPolitik,654310,23471,3101
Conflicto entre Israel y Palestina,Diana Uribe,626494,23314,2266
"\"Lo que hace ISRAEL es IMPERDONABLE e INJUSTIFICABLE\" - Jordi Wild claro con la situaciÃ³n en Gaza",The Wild Project,616152,28153,6270
ğŸ›¢ï¸âš ï¸ Petrolero israelÃ­ atacado por hutÃ­es | TensiÃ³n crece en apoyo a Gaza ğŸ‡µğŸ‡¸,IntereconomÃ­a,1189718,32222,2856
"El conflicto entre Palestina e Israel, explicado en 10 minutos | EL PAÃS",EL PAÃS,608954,7331,1030
La imagen que rompe el corazÃ³n: Un niÃ±o en Gaza huye con su hermana en brazos ğŸ’”,Azteca Noticias,1365224,41447,4076
âœ… El conflicto de ISRAEL y PALESTINA en 13 minutos | Resumen FÃCIL y RÃPIDO,Memorias de Pez,606969,16243,2540
8 preguntas sobre el conflicto entre israelÃ­es y palestinos y por quÃ© es clave para Medio Oriente,BBC News Mundo,601878,14152,897
Desmontando las mentiras sobre la historia de Israel y Palestina,LibertadDigital,551207,20152,6814
Quinto dÃ­a de CONFLICTO en GAZA: 5 cosas que DEBES SABER #shorts #news #israel,La RepÃºblica - LR+,550459,11878,353
ENTENDER EL CONFLICTO ENTRE ISRAEL Y PALESTINA - Eduardo Baura | Aladetres 141,Aladetres,550129,24888,3778
This Palestinian Supporter REFUSES to Back Down! #viral #youtubeshorts #shorts #shortsfeed,Tech Islamic Spot,114394759,1510858,6615
Komen Amin semoga Palestina MerdekağŸ¥¹,Abil AB Channel,62753836,834887,2897
Gabut Palestina. #cadar #hijab #hijabsyar #jedagjedug #hijabsyari #storywa #hijabstyle,Annisa Bercadar,42677318,915020,12236
love you PalestinağŸ‡¯ğŸ‡´ #fypã‚· #rameindong #masukberanda #video #jj #palestine  â™¥,rarağŸ£ğŸ’¢,44693495,1480707,69934
Anak Palestina Saling Berbagi Makanan,Sobat Dunia,34031770,745375,7694
"Free Palestine, Aksi bela Palestina di Monas, Jakarta #freepalestine #savepalestine #adisyahreza",Adi Syahreza,25721569,0,9071
Kalo kalian pilih palestina atau israel??,Abil AB Channel,24568872,320147,1284
Perjuangan Orang Palestina Buat Dapetin Air BersihğŸ˜¢â¤ (IG: @ibrahimkarsh),Aldjeng,38733242,682541,10409
MACAN PALESTINA DI BANTU INDONESIA MENGALAHKAN ISRAEL #savepalestina #freepalestine #shortvideo,SINGO OTRAHUM,24615954,348098,589
(PART 2)demi Palestina saya rela meminum air keran #shortvideo #trending,Syahrul Hikmal,22436811,579230,4225
Om Bayu Ga Suka Palestina | Salah Mantra Eps.25,Marvin Calla,19719194,807153,4568
MACAN PALESTINA BERSATU MELAWA ISRAEL #shorts,SINGO OTRAHUM,34239031,198139,60
Puisi untuk Muslim Palestina. .#kakmuslim #puisi  #freepalestine #palestine,Kak Muslim,18545795,503876,12106
Marvin Baik Sama Palestina #marvincalla,Marvin Calla,19390823,843720,1825
Indonesia sayang Palestina.. Like dan Komen Guys,Mama Abil,16924199,175673,153
PALESTINA TIDAK AKAN MUNDUR â¤ï¸ SEMUA SAUDARA BERSATU,Keluarga CafeGokil,15233310,479587,9750
Pilih Palestina SubscribeğŸ¥° #finafani,Pitaloka,30181713,209565,199
Some Craziest Palestine Supporting Moments In Sports #viral #shortsfeed #youtubeshorts #shorts,Tech Islamic Spot,17232298,991148,15472
buat bendera Palestina di rumah rakit #rumahrakit,FANDI MO,13658008,347198,3165
Bayi Baru Lahir jadi korban di Palestina,Edi Gunarto,15724311,282057,9890
Ø£ÙƒØ¨Ø± Ø³Ø¬Ù† Ø¨Ø§Ù„Ø¹Ø§Ù„Ù… - Ø§Ù„Ø·Ø±ÙŠÙ‚ Ø§Ù„Ù‰ ØºØ²Ø© ğŸ‡µğŸ‡¸ GAZA,Joe HaTTab,12711477,499405,34522
Ronaldo menolak Israel dan membela Palestina,SUZYY67,12595317,708196,5111
Indonesia Dukung Palestina Bikin Isr4el Auto Melongo ğŸ¤£,Dhan Cool,12296204,638531,48327
BUAT BENDERA PALESTINA DARI TANAMAN,Dongo,12293486,412555,16986
Palestina Merdeka Bikin Pasukan Israel Auto Melongo ğŸ¤£,Dhan Cool,11924460,348105,2529
PILIH RUMAH SEDERHANA PALESTINE ATAU RUMAH MEWAH ISRIWIL? #bintangbulansurya #palestine #palestina,BINTANG BULAN SURYA & FAMILY,11788412,391715,3418
relawan yg baik palestina lagu atuna tufuli #trendingshorts #dokterpalestine #viral #atunatufuli,Baduy Animasi,12405720,292105,1229
MEGATRON MENYERANG PARA KUCING #shorts #palestina #kucing,Cat Minds,11510418,497785,2804
Kalian Dukung Palestina atau Israel?,Arfandi Moko,11366147,1170771,12761
Remaja Palestina ini bangga dengan negara ini #palestina #gaza #indonesia #faktadunia #infodunia,Muslim Pulse,12479464,0,9076
"KUCING ISRIWIL BERULAH LAGI, KUCING PALESTINA DI TANGKAP #shorts #kucing #palestina #cat #catplanet",Azka Boy,11879176,141195,621
"ORANG PALESTINA KAGET, DATANG TANPA DI UNDANG!",Hobby Makan,10273213,473440,5378
Yuta Indonesia Cinta Palestina #sakuraschoolsimulator #palestine #palestina,Cerita Tallis,11048747,248866,624
ğŸ’–ATUNA TUFULI (Ø£Ø¹Ø·ÙˆÙ†Ø§ Ø§Ù„Ø·ÙÙˆÙ„Ø©) â€“ Anak Palestina ğŸ‡µğŸ‡¸ | Perjuangan Penuh HarapanğŸŒ™Nabila Taqiyyah,Shanshan Twins TV,9011892,40000,0
KASIHAN KUCING PALESTINA DI FITNAH KUCING ISRAEL PART 2 DAN KEBENARAN TERUNGKAP,TEBAK GAMBAR IDN,10274781,145047,176
Bendera PalestinağŸ‡µğŸ‡¸ VS Bendera IsraelğŸ‡®ğŸ‡± bendera apalagi komen#fypã‚·ã‚šviral #shortvideo #freepalestine,Sektsa Draw Vaniii,9055095,369781,5765
Yang dukung Palestina SUBCRIBE || IB? @itsnelfa #sakuraschoolsimulator #sakura #fyp #shorts,It's Zura!,11426829,341005,5098
Countries treat the heart of palestine in 2025 #historyballs #countryballs,HistoryBalls,19802035,138727,3544
MALAIKAT PENJAGA GADIS PALESTINA ğŸ˜± !! #cartoon  #spider-man #shorts #palestina #animation,Kartun Aliansi,8406520,108908,123
Kemerdekaan Palestina didukung oleh AnyağŸ‡µğŸ‡¸ğŸ˜‡#sakuraschoolsimulator #sakura #shorts,ğŸ¥œğ€ğ§ğ²ğš ğ‚ğ¡ğšğ§ğŸ¥œ,11805242,319486,5910
Mio Rajin Sekali #sakuraschoolsimulator #dramasakuraschoolsimulator #palestina #yutamio,Cerita Tallis,9952401,186669,413
Mengganti bendera Israel menjadi bendera Malaysia di minicraft #minecraft #malaysia #palestina,animasi official,10042028,0,5344
PILIH T-REX PALESTINA ATAU T-REX ISRIWIL? #bintangbulansurya #palestine #palestina  #funny,BINTANG BULAN SURYA & FAMILY,7835756,243789,1476
Bendera tersembunyi pada bendera PALESTINA,Kakak Kelas,9619239,528315,8953
SYUTING LAGU BUAT PALESTINA LAGI,Abi Nahla,7354893,185157,671
Anak palestina dan kakek Israel punya tempat tidur? #animasi #kartun #shorts #sakura #palestina,animasi photoshop,7532208,91691,196
KOREA VS PALESTINA VS JEPANG VS INDONESIA VS ISRAEL VS AMERIKA VERSI KERETA API #viralvideo #shorts,Business 33,9105871,207024,635
Menggabungkan bendera PALESTINA dengan bendera negara lain,Kakak Kelas,7508627,629558,3330
Beginilah proses pengolahan batu akik menjadi bendera palestina #batuakiknusantara #freepalestine,Nasrin zaky stone,6181761,104529,526
TOLONG AKU IBU PALESTINA ğŸ˜­ !! #cartoon #spider-man #shorts #palestina #animation #irak,Kartun Aliansi,7892101,68433,68
